{
  "auth.login": {
    "stats": {
      "count": 2,
      "min": 15.020400000001246,
      "max": 15.716899999999441,
      "avg": 15.368650000000343,
      "p95": 15.716899999999441,
      "p99": 15.716899999999441,
      "successRate": 0
    },
    "metrics": [
      {
        "name": "auth.login",
        "responseTime": 15.020400000001246,
        "timestamp": 1760619049398,
        "statusCode": 404,
        "success": false,
        "metadata": {
          "statusCode": 404,
          "success": false
        }
      },
      {
        "name": "auth.login",
        "responseTime": 15.716899999999441,
        "timestamp": 1760619049398,
        "statusCode": 500,
        "success": false,
        "metadata": {
          "statusCode": 500,
          "success": false
        }
      }
    ]
  },
  "auth.register": {
    "stats": {
      "count": 1,
      "min": 2.4971999999979744,
      "max": 2.4971999999979744,
      "avg": 2.4971999999979744,
      "p95": 2.4971999999979744,
      "p99": 2.4971999999979744,
      "successRate": 0
    },
    "metrics": [
      {
        "name": "auth.register",
        "responseTime": 2.4971999999979744,
        "timestamp": 1760619049401,
        "statusCode": 404,
        "success": false,
        "metadata": {
          "statusCode": 404,
          "success": false
        }
      }
    ]
  },
  "auth.refresh": {
    "stats": {
      "count": 1,
      "min": 2.44100000000617,
      "max": 2.44100000000617,
      "avg": 2.44100000000617,
      "p95": 2.44100000000617,
      "p99": 2.44100000000617,
      "successRate": 0
    },
    "metrics": [
      {
        "name": "auth.refresh",
        "responseTime": 2.44100000000617,
        "timestamp": 1760619049406,
        "statusCode": 404,
        "success": false,
        "metadata": {
          "statusCode": 404,
          "success": false
        }
      }
    ]
  },
  "agents.list": {
    "stats": {
      "count": 1,
      "min": 2.896099999998114,
      "max": 2.896099999998114,
      "avg": 2.896099999998114,
      "p95": 2.896099999998114,
      "p99": 2.896099999998114,
      "successRate": 0
    },
    "metrics": [
      {
        "name": "agents.list",
        "responseTime": 2.896099999998114,
        "timestamp": 1760619049410,
        "statusCode": 404,
        "success": false,
        "metadata": {
          "statusCode": 404,
          "success": false,
          "agentCount": 0
        }
      }
    ]
  },
  "agents.status": {
    "stats": {
      "count": 1,
      "min": 2.141800000004878,
      "max": 2.141800000004878,
      "avg": 2.141800000004878,
      "p95": 2.141800000004878,
      "p99": 2.141800000004878,
      "successRate": 0
    },
    "metrics": [
      {
        "name": "agents.status",
        "responseTime": 2.141800000004878,
        "timestamp": 1760619049413,
        "statusCode": 404,
        "success": false,
        "metadata": {
          "statusCode": 404,
          "success": false
        }
      }
    ]
  },
  "chat.completion": {
    "stats": {
      "count": 1,
      "min": 3.5579999999972642,
      "max": 3.5579999999972642,
      "avg": 3.5579999999972642,
      "p95": 3.5579999999972642,
      "p99": 3.5579999999972642,
      "successRate": 0
    },
    "metrics": [
      {
        "name": "chat.completion",
        "responseTime": 3.5579999999972642,
        "timestamp": 1760619049417,
        "statusCode": 404,
        "success": false,
        "metadata": {
          "statusCode": 404,
          "success": false,
          "agentId": "fastgpt",
          "messageLength": 29
        }
      }
    ]
  },
  "chat.history": {
    "stats": {
      "count": 1,
      "min": 3.4153000000005704,
      "max": 3.4153000000005704,
      "avg": 3.4153000000005704,
      "p95": 3.4153000000005704,
      "p99": 3.4153000000005704,
      "successRate": 0
    },
    "metrics": [
      {
        "name": "chat.history",
        "responseTime": 3.4153000000005704,
        "timestamp": 1760619049422,
        "statusCode": 404,
        "success": false,
        "metadata": {
          "statusCode": 404,
          "success": false,
          "sessionId": "test-session-1760619049418"
        }
      }
    ]
  },
  "admin.stats": {
    "stats": {
      "count": 1,
      "min": 2.248200000001816,
      "max": 2.248200000001816,
      "avg": 2.248200000001816,
      "p95": 2.248200000001816,
      "p99": 2.248200000001816,
      "successRate": 0
    },
    "metrics": [
      {
        "name": "admin.stats",
        "responseTime": 2.248200000001816,
        "timestamp": 1760619049424,
        "statusCode": 404,
        "success": false,
        "metadata": {
          "statusCode": 404,
          "success": false
        }
      }
    ]
  },
  "admin.audit": {
    "stats": {
      "count": 1,
      "min": 2.2475000000049477,
      "max": 2.2475000000049477,
      "avg": 2.2475000000049477,
      "p95": 2.2475000000049477,
      "p99": 2.2475000000049477,
      "successRate": 0
    },
    "metrics": [
      {
        "name": "admin.audit",
        "responseTime": 2.2475000000049477,
        "timestamp": 1760619049427,
        "statusCode": 404,
        "success": false,
        "metadata": {
          "statusCode": 404,
          "success": false
        }
      }
    ]
  },
  "queue.stats": {
    "stats": {
      "count": 1,
      "min": 2.4968000000008033,
      "max": 2.4968000000008033,
      "avg": 2.4968000000008033,
      "p95": 2.4968000000008033,
      "p99": 2.4968000000008033,
      "successRate": 0
    },
    "metrics": [
      {
        "name": "queue.stats",
        "responseTime": 2.4968000000008033,
        "timestamp": 1760619049431,
        "statusCode": 404,
        "success": false,
        "metadata": {
          "statusCode": 404,
          "success": false
        }
      }
    ]
  },
  "queue.pause": {
    "stats": {
      "count": 1,
      "min": 2.1330999999991036,
      "max": 2.1330999999991036,
      "avg": 2.1330999999991036,
      "p95": 2.1330999999991036,
      "p99": 2.1330999999991036,
      "successRate": 0
    },
    "metrics": [
      {
        "name": "queue.pause",
        "responseTime": 2.1330999999991036,
        "timestamp": 1760619049433,
        "statusCode": 404,
        "success": false,
        "metadata": {
          "statusCode": 404,
          "success": false,
          "queueName": "chat-queue"
        }
      }
    ]
  }
}