{
  "auth.login": {
    "stats": {
      "count": 2,
      "min": 10.047300000005635,
      "max": 10.585000000006403,
      "avg": 10.316150000006019,
      "p95": 10.585000000006403,
      "p99": 10.585000000006403,
      "successRate": 0
    },
    "metrics": [
      {
        "name": "auth.login",
        "responseTime": 10.047300000005635,
        "timestamp": 1760667185762,
        "statusCode": 404,
        "success": false,
        "metadata": {
          "statusCode": 404,
          "success": false
        }
      },
      {
        "name": "auth.login",
        "responseTime": 10.585000000006403,
        "timestamp": 1760667185763,
        "statusCode": 500,
        "success": false,
        "metadata": {
          "statusCode": 500,
          "success": false
        }
      }
    ]
  },
  "auth.register": {
    "stats": {
      "count": 1,
      "min": 16.728000000002794,
      "max": 16.728000000002794,
      "avg": 16.728000000002794,
      "p95": 16.728000000002794,
      "p99": 16.728000000002794,
      "successRate": 0
    },
    "metrics": [
      {
        "name": "auth.register",
        "responseTime": 16.728000000002794,
        "timestamp": 1760667185780,
        "statusCode": 404,
        "success": false,
        "metadata": {
          "statusCode": 404,
          "success": false
        }
      }
    ]
  },
  "auth.refresh": {
    "stats": {
      "count": 1,
      "min": 5.829499999992549,
      "max": 5.829499999992549,
      "avg": 5.829499999992549,
      "p95": 5.829499999992549,
      "p99": 5.829499999992549,
      "successRate": 0
    },
    "metrics": [
      {
        "name": "auth.refresh",
        "responseTime": 5.829499999992549,
        "timestamp": 1760667185792,
        "statusCode": 404,
        "success": false,
        "metadata": {
          "statusCode": 404,
          "success": false
        }
      }
    ]
  },
  "agents.list": {
    "stats": {
      "count": 1,
      "min": 6.256499999988591,
      "max": 6.256499999988591,
      "avg": 6.256499999988591,
      "p95": 6.256499999988591,
      "p99": 6.256499999988591,
      "successRate": 0
    },
    "metrics": [
      {
        "name": "agents.list",
        "responseTime": 6.256499999988591,
        "timestamp": 1760667185800,
        "statusCode": 404,
        "success": false,
        "metadata": {
          "statusCode": 404,
          "success": false,
          "agentCount": 0
        }
      }
    ]
  },
  "agents.status": {
    "stats": {
      "count": 1,
      "min": 3.727599999998347,
      "max": 3.727599999998347,
      "avg": 3.727599999998347,
      "p95": 3.727599999998347,
      "p99": 3.727599999998347,
      "successRate": 0
    },
    "metrics": [
      {
        "name": "agents.status",
        "responseTime": 3.727599999998347,
        "timestamp": 1760667185805,
        "statusCode": 404,
        "success": false,
        "metadata": {
          "statusCode": 404,
          "success": false
        }
      }
    ]
  },
  "chat.completion": {
    "stats": {
      "count": 1,
      "min": 3.5077999999921303,
      "max": 3.5077999999921303,
      "avg": 3.5077999999921303,
      "p95": 3.5077999999921303,
      "p99": 3.5077999999921303,
      "successRate": 0
    },
    "metrics": [
      {
        "name": "chat.completion",
        "responseTime": 3.5077999999921303,
        "timestamp": 1760667185809,
        "statusCode": 404,
        "success": false,
        "metadata": {
          "statusCode": 404,
          "success": false,
          "agentId": "fastgpt",
          "messageLength": 29
        }
      }
    ]
  },
  "chat.history": {
    "stats": {
      "count": 1,
      "min": 3.098599999997532,
      "max": 3.098599999997532,
      "avg": 3.098599999997532,
      "p95": 3.098599999997532,
      "p99": 3.098599999997532,
      "successRate": 0
    },
    "metrics": [
      {
        "name": "chat.history",
        "responseTime": 3.098599999997532,
        "timestamp": 1760667185813,
        "statusCode": 404,
        "success": false,
        "metadata": {
          "statusCode": 404,
          "success": false,
          "sessionId": "test-session-1760667185810"
        }
      }
    ]
  },
  "admin.stats": {
    "stats": {
      "count": 1,
      "min": 5.723700000002282,
      "max": 5.723700000002282,
      "avg": 5.723700000002282,
      "p95": 5.723700000002282,
      "p99": 5.723700000002282,
      "successRate": 0
    },
    "metrics": [
      {
        "name": "admin.stats",
        "responseTime": 5.723700000002282,
        "timestamp": 1760667185819,
        "statusCode": 404,
        "success": false,
        "metadata": {
          "statusCode": 404,
          "success": false
        }
      }
    ]
  },
  "admin.audit": {
    "stats": {
      "count": 1,
      "min": 3.896200000002864,
      "max": 3.896200000002864,
      "avg": 3.896200000002864,
      "p95": 3.896200000002864,
      "p99": 3.896200000002864,
      "successRate": 0
    },
    "metrics": [
      {
        "name": "admin.audit",
        "responseTime": 3.896200000002864,
        "timestamp": 1760667185824,
        "statusCode": 404,
        "success": false,
        "metadata": {
          "statusCode": 404,
          "success": false
        }
      }
    ]
  },
  "queue.stats": {
    "stats": {
      "count": 1,
      "min": 3.916299999997136,
      "max": 3.916299999997136,
      "avg": 3.916299999997136,
      "p95": 3.916299999997136,
      "p99": 3.916299999997136,
      "successRate": 0
    },
    "metrics": [
      {
        "name": "queue.stats",
        "responseTime": 3.916299999997136,
        "timestamp": 1760667185830,
        "statusCode": 404,
        "success": false,
        "metadata": {
          "statusCode": 404,
          "success": false
        }
      }
    ]
  },
  "queue.pause": {
    "stats": {
      "count": 1,
      "min": 2.7462999999988824,
      "max": 2.7462999999988824,
      "avg": 2.7462999999988824,
      "p95": 2.7462999999988824,
      "p99": 2.7462999999988824,
      "successRate": 0
    },
    "metrics": [
      {
        "name": "queue.pause",
        "responseTime": 2.7462999999988824,
        "timestamp": 1760667185833,
        "statusCode": 404,
        "success": false,
        "metadata": {
          "statusCode": 404,
          "success": false,
          "queueName": "chat-queue"
        }
      }
    ]
  }
}