{
  "auth.login": {
    "stats": {
      "count": 2,
      "min": 14.732000000003609,
      "max": 15.509500000000116,
      "avg": 15.120750000001863,
      "p95": 15.509500000000116,
      "p99": 15.509500000000116,
      "successRate": 0
    },
    "metrics": [
      {
        "name": "auth.login",
        "responseTime": 14.732000000003609,
        "timestamp": 1760684928827,
        "statusCode": 404,
        "success": false,
        "metadata": {
          "statusCode": 404,
          "success": false
        }
      },
      {
        "name": "auth.login",
        "responseTime": 15.509500000000116,
        "timestamp": 1760684928828,
        "statusCode": 500,
        "success": false,
        "metadata": {
          "statusCode": 500,
          "success": false
        }
      }
    ]
  },
  "auth.register": {
    "stats": {
      "count": 1,
      "min": 6.2502000000022235,
      "max": 6.2502000000022235,
      "avg": 6.2502000000022235,
      "p95": 6.2502000000022235,
      "p99": 6.2502000000022235,
      "successRate": 0
    },
    "metrics": [
      {
        "name": "auth.register",
        "responseTime": 6.2502000000022235,
        "timestamp": 1760684928835,
        "statusCode": 404,
        "success": false,
        "metadata": {
          "statusCode": 404,
          "success": false
        }
      }
    ]
  },
  "auth.refresh": {
    "stats": {
      "count": 1,
      "min": 3.5432999999975436,
      "max": 3.5432999999975436,
      "avg": 3.5432999999975436,
      "p95": 3.5432999999975436,
      "p99": 3.5432999999975436,
      "successRate": 0
    },
    "metrics": [
      {
        "name": "auth.refresh",
        "responseTime": 3.5432999999975436,
        "timestamp": 1760684928843,
        "statusCode": 404,
        "success": false,
        "metadata": {
          "statusCode": 404,
          "success": false
        }
      }
    ]
  },
  "agents.list": {
    "stats": {
      "count": 1,
      "min": 4.3505999999979394,
      "max": 4.3505999999979394,
      "avg": 4.3505999999979394,
      "p95": 4.3505999999979394,
      "p99": 4.3505999999979394,
      "successRate": 0
    },
    "metrics": [
      {
        "name": "agents.list",
        "responseTime": 4.3505999999979394,
        "timestamp": 1760684928849,
        "statusCode": 404,
        "success": false,
        "metadata": {
          "statusCode": 404,
          "success": false,
          "agentCount": 0
        }
      }
    ]
  },
  "agents.status": {
    "stats": {
      "count": 1,
      "min": 3.627599999999802,
      "max": 3.627599999999802,
      "avg": 3.627599999999802,
      "p95": 3.627599999999802,
      "p99": 3.627599999999802,
      "successRate": 0
    },
    "metrics": [
      {
        "name": "agents.status",
        "responseTime": 3.627599999999802,
        "timestamp": 1760684928854,
        "statusCode": 404,
        "success": false,
        "metadata": {
          "statusCode": 404,
          "success": false
        }
      }
    ]
  },
  "chat.completion": {
    "stats": {
      "count": 1,
      "min": 3.8761000000013155,
      "max": 3.8761000000013155,
      "avg": 3.8761000000013155,
      "p95": 3.8761000000013155,
      "p99": 3.8761000000013155,
      "successRate": 0
    },
    "metrics": [
      {
        "name": "chat.completion",
        "responseTime": 3.8761000000013155,
        "timestamp": 1760684928860,
        "statusCode": 404,
        "success": false,
        "metadata": {
          "statusCode": 404,
          "success": false,
          "agentId": "fastgpt",
          "messageLength": 29
        }
      }
    ]
  },
  "chat.history": {
    "stats": {
      "count": 1,
      "min": 3.741199999996752,
      "max": 3.741199999996752,
      "avg": 3.741199999996752,
      "p95": 3.741199999996752,
      "p99": 3.741199999996752,
      "successRate": 0
    },
    "metrics": [
      {
        "name": "chat.history",
        "responseTime": 3.741199999996752,
        "timestamp": 1760684928864,
        "statusCode": 404,
        "success": false,
        "metadata": {
          "statusCode": 404,
          "success": false,
          "sessionId": "test-session-1760684928860"
        }
      }
    ]
  },
  "admin.stats": {
    "stats": {
      "count": 1,
      "min": 2.9950000000026193,
      "max": 2.9950000000026193,
      "avg": 2.9950000000026193,
      "p95": 2.9950000000026193,
      "p99": 2.9950000000026193,
      "successRate": 0
    },
    "metrics": [
      {
        "name": "admin.stats",
        "responseTime": 2.9950000000026193,
        "timestamp": 1760684928869,
        "statusCode": 404,
        "success": false,
        "metadata": {
          "statusCode": 404,
          "success": false
        }
      }
    ]
  },
  "admin.audit": {
    "stats": {
      "count": 1,
      "min": 4.46129999999539,
      "max": 4.46129999999539,
      "avg": 4.46129999999539,
      "p95": 4.46129999999539,
      "p99": 4.46129999999539,
      "successRate": 0
    },
    "metrics": [
      {
        "name": "admin.audit",
        "responseTime": 4.46129999999539,
        "timestamp": 1760684928874,
        "statusCode": 404,
        "success": false,
        "metadata": {
          "statusCode": 404,
          "success": false
        }
      }
    ]
  },
  "queue.stats": {
    "stats": {
      "count": 1,
      "min": 2.733200000002398,
      "max": 2.733200000002398,
      "avg": 2.733200000002398,
      "p95": 2.733200000002398,
      "p99": 2.733200000002398,
      "successRate": 0
    },
    "metrics": [
      {
        "name": "queue.stats",
        "responseTime": 2.733200000002398,
        "timestamp": 1760684928878,
        "statusCode": 404,
        "success": false,
        "metadata": {
          "statusCode": 404,
          "success": false
        }
      }
    ]
  },
  "queue.pause": {
    "stats": {
      "count": 1,
      "min": 3.117900000004738,
      "max": 3.117900000004738,
      "avg": 3.117900000004738,
      "p95": 3.117900000004738,
      "p99": 3.117900000004738,
      "successRate": 0
    },
    "metrics": [
      {
        "name": "queue.pause",
        "responseTime": 3.117900000004738,
        "timestamp": 1760684928882,
        "statusCode": 404,
        "success": false,
        "metadata": {
          "statusCode": 404,
          "success": false,
          "queueName": "chat-queue"
        }
      }
    ]
  }
}