{
  "auth.login": {
    "stats": {
      "count": 2,
      "min": 11.835999999995693,
      "max": 12.668899999996938,
      "avg": 12.252449999996315,
      "p95": 12.668899999996938,
      "p99": 12.668899999996938,
      "successRate": 0
    },
    "metrics": [
      {
        "name": "auth.login",
        "responseTime": 11.835999999995693,
        "timestamp": 1760679580332,
        "statusCode": 404,
        "success": false,
        "metadata": {
          "statusCode": 404,
          "success": false
        }
      },
      {
        "name": "auth.login",
        "responseTime": 12.668899999996938,
        "timestamp": 1760679580332,
        "statusCode": 500,
        "success": false,
        "metadata": {
          "statusCode": 500,
          "success": false
        }
      }
    ]
  },
  "auth.register": {
    "stats": {
      "count": 1,
      "min": 6.450200000006589,
      "max": 6.450200000006589,
      "avg": 6.450200000006589,
      "p95": 6.450200000006589,
      "p99": 6.450200000006589,
      "successRate": 0
    },
    "metrics": [
      {
        "name": "auth.register",
        "responseTime": 6.450200000006589,
        "timestamp": 1760679580340,
        "statusCode": 404,
        "success": false,
        "metadata": {
          "statusCode": 404,
          "success": false
        }
      }
    ]
  },
  "auth.refresh": {
    "stats": {
      "count": 1,
      "min": 4.613000000004831,
      "max": 4.613000000004831,
      "avg": 4.613000000004831,
      "p95": 4.613000000004831,
      "p99": 4.613000000004831,
      "successRate": 0
    },
    "metrics": [
      {
        "name": "auth.refresh",
        "responseTime": 4.613000000004831,
        "timestamp": 1760679580348,
        "statusCode": 404,
        "success": false,
        "metadata": {
          "statusCode": 404,
          "success": false
        }
      }
    ]
  },
  "agents.list": {
    "stats": {
      "count": 1,
      "min": 4.7114999999976135,
      "max": 4.7114999999976135,
      "avg": 4.7114999999976135,
      "p95": 4.7114999999976135,
      "p99": 4.7114999999976135,
      "successRate": 0
    },
    "metrics": [
      {
        "name": "agents.list",
        "responseTime": 4.7114999999976135,
        "timestamp": 1760679580354,
        "statusCode": 404,
        "success": false,
        "metadata": {
          "statusCode": 404,
          "success": false,
          "agentCount": 0
        }
      }
    ]
  },
  "agents.status": {
    "stats": {
      "count": 1,
      "min": 5.471400000002177,
      "max": 5.471400000002177,
      "avg": 5.471400000002177,
      "p95": 5.471400000002177,
      "p99": 5.471400000002177,
      "successRate": 0
    },
    "metrics": [
      {
        "name": "agents.status",
        "responseTime": 5.471400000002177,
        "timestamp": 1760679580362,
        "statusCode": 404,
        "success": false,
        "metadata": {
          "statusCode": 404,
          "success": false
        }
      }
    ]
  },
  "chat.completion": {
    "stats": {
      "count": 1,
      "min": 4.784899999998743,
      "max": 4.784899999998743,
      "avg": 4.784899999998743,
      "p95": 4.784899999998743,
      "p99": 4.784899999998743,
      "successRate": 0
    },
    "metrics": [
      {
        "name": "chat.completion",
        "responseTime": 4.784899999998743,
        "timestamp": 1760679580368,
        "statusCode": 404,
        "success": false,
        "metadata": {
          "statusCode": 404,
          "success": false,
          "agentId": "fastgpt",
          "messageLength": 29
        }
      }
    ]
  },
  "chat.history": {
    "stats": {
      "count": 1,
      "min": 4.210299999998824,
      "max": 4.210299999998824,
      "avg": 4.210299999998824,
      "p95": 4.210299999998824,
      "p99": 4.210299999998824,
      "successRate": 0
    },
    "metrics": [
      {
        "name": "chat.history",
        "responseTime": 4.210299999998824,
        "timestamp": 1760679580373,
        "statusCode": 404,
        "success": false,
        "metadata": {
          "statusCode": 404,
          "success": false,
          "sessionId": "test-session-1760679580369"
        }
      }
    ]
  },
  "admin.stats": {
    "stats": {
      "count": 1,
      "min": 6.922899999997753,
      "max": 6.922899999997753,
      "avg": 6.922899999997753,
      "p95": 6.922899999997753,
      "p99": 6.922899999997753,
      "successRate": 0
    },
    "metrics": [
      {
        "name": "admin.stats",
        "responseTime": 6.922899999997753,
        "timestamp": 1760679580381,
        "statusCode": 404,
        "success": false,
        "metadata": {
          "statusCode": 404,
          "success": false
        }
      }
    ]
  },
  "admin.audit": {
    "stats": {
      "count": 1,
      "min": 4.862300000000687,
      "max": 4.862300000000687,
      "avg": 4.862300000000687,
      "p95": 4.862300000000687,
      "p99": 4.862300000000687,
      "successRate": 0
    },
    "metrics": [
      {
        "name": "admin.audit",
        "responseTime": 4.862300000000687,
        "timestamp": 1760679580387,
        "statusCode": 404,
        "success": false,
        "metadata": {
          "statusCode": 404,
          "success": false
        }
      }
    ]
  },
  "queue.stats": {
    "stats": {
      "count": 1,
      "min": 4.3959000000031665,
      "max": 4.3959000000031665,
      "avg": 4.3959000000031665,
      "p95": 4.3959000000031665,
      "p99": 4.3959000000031665,
      "successRate": 0
    },
    "metrics": [
      {
        "name": "queue.stats",
        "responseTime": 4.3959000000031665,
        "timestamp": 1760679580393,
        "statusCode": 404,
        "success": false,
        "metadata": {
          "statusCode": 404,
          "success": false
        }
      }
    ]
  },
  "queue.pause": {
    "stats": {
      "count": 1,
      "min": 5.823300000003655,
      "max": 5.823300000003655,
      "avg": 5.823300000003655,
      "p95": 5.823300000003655,
      "p99": 5.823300000003655,
      "successRate": 0
    },
    "metrics": [
      {
        "name": "queue.pause",
        "responseTime": 5.823300000003655,
        "timestamp": 1760679580400,
        "statusCode": 404,
        "success": false,
        "metadata": {
          "statusCode": 404,
          "success": false,
          "queueName": "chat-queue"
        }
      }
    ]
  }
}