{
  "auth.login": {
    "stats": {
      "count": 2,
      "min": 141.60307899999316,
      "max": 144.14902899999288,
      "avg": 142.87605399999302,
      "p95": 144.14902899999288,
      "p99": 144.14902899999288,
      "successRate": 0
    },
    "metrics": [
      {
        "name": "auth.login",
        "responseTime": 141.60307899999316,
        "timestamp": 1760767595662,
        "statusCode": 400,
        "success": false,
        "metadata": {
          "statusCode": 400,
          "success": false
        }
      },
      {
        "name": "auth.login",
        "responseTime": 144.14902899999288,
        "timestamp": 1760767595664,
        "statusCode": 500,
        "success": false,
        "metadata": {
          "statusCode": 500,
          "success": false
        }
      }
    ]
  },
  "auth.register": {
    "stats": {
      "count": 1,
      "min": 13.10604099999182,
      "max": 13.10604099999182,
      "avg": 13.10604099999182,
      "p95": 13.10604099999182,
      "p99": 13.10604099999182,
      "successRate": 0
    },
    "metrics": [
      {
        "name": "auth.register",
        "responseTime": 13.10604099999182,
        "timestamp": 1760767595678,
        "statusCode": 404,
        "success": false,
        "metadata": {
          "statusCode": 404,
          "success": false
        }
      }
    ]
  },
  "auth.refresh": {
    "stats": {
      "count": 1,
      "min": 5.457649999996647,
      "max": 5.457649999996647,
      "avg": 5.457649999996647,
      "p95": 5.457649999996647,
      "p99": 5.457649999996647,
      "successRate": 0
    },
    "metrics": [
      {
        "name": "auth.refresh",
        "responseTime": 5.457649999996647,
        "timestamp": 1760767595686,
        "statusCode": 401,
        "success": false,
        "metadata": {
          "statusCode": 401,
          "success": false
        }
      }
    ]
  },
  "agents.list": {
    "stats": {
      "count": 1,
      "min": 17.943014999997104,
      "max": 17.943014999997104,
      "avg": 17.943014999997104,
      "p95": 17.943014999997104,
      "p99": 17.943014999997104,
      "successRate": 100
    },
    "metrics": [
      {
        "name": "agents.list",
        "responseTime": 17.943014999997104,
        "timestamp": 1760767595705,
        "statusCode": 200,
        "success": true,
        "metadata": {
          "statusCode": 200,
          "success": true,
          "agentCount": 0
        }
      }
    ]
  },
  "agents.status": {
    "stats": {
      "count": 1,
      "min": 5.03616599997622,
      "max": 5.03616599997622,
      "avg": 5.03616599997622,
      "p95": 5.03616599997622,
      "p99": 5.03616599997622,
      "successRate": 100
    },
    "metrics": [
      {
        "name": "agents.status",
        "responseTime": 5.03616599997622,
        "timestamp": 1760767595713,
        "statusCode": 200,
        "success": true,
        "metadata": {
          "statusCode": 200,
          "success": true
        }
      }
    ]
  },
  "chat.completion": {
    "stats": {
      "count": 1,
      "min": 6.2600990000064485,
      "max": 6.2600990000064485,
      "avg": 6.2600990000064485,
      "p95": 6.2600990000064485,
      "p99": 6.2600990000064485,
      "successRate": 0
    },
    "metrics": [
      {
        "name": "chat.completion",
        "responseTime": 6.2600990000064485,
        "timestamp": 1760767595720,
        "statusCode": 400,
        "success": false,
        "metadata": {
          "statusCode": 400,
          "success": false,
          "agentId": "fastgpt",
          "messageLength": 29
        }
      }
    ]
  },
  "chat.history": {
    "stats": {
      "count": 1,
      "min": 4.233623999985866,
      "max": 4.233623999985866,
      "avg": 4.233623999985866,
      "p95": 4.233623999985866,
      "p99": 4.233623999985866,
      "successRate": 0
    },
    "metrics": [
      {
        "name": "chat.history",
        "responseTime": 4.233623999985866,
        "timestamp": 1760767595725,
        "statusCode": 401,
        "success": false,
        "metadata": {
          "statusCode": 401,
          "success": false,
          "sessionId": "test-session-1760767595721"
        }
      }
    ]
  },
  "queue.stats": {
    "stats": {
      "count": 1,
      "min": 40.99672100000316,
      "max": 40.99672100000316,
      "avg": 40.99672100000316,
      "p95": 40.99672100000316,
      "p99": 40.99672100000316,
      "successRate": 0
    },
    "metrics": [
      {
        "name": "queue.stats",
        "responseTime": 40.99672100000316,
        "timestamp": 1760767658765,
        "statusCode": 404,
        "success": false,
        "metadata": {
          "statusCode": 404,
          "success": false
        }
      }
    ]
  },
  "queue.pause": {
    "stats": {
      "count": 1,
      "min": 3.3999170000315644,
      "max": 3.3999170000315644,
      "avg": 3.3999170000315644,
      "p95": 3.3999170000315644,
      "p99": 3.3999170000315644,
      "successRate": 0
    },
    "metrics": [
      {
        "name": "queue.pause",
        "responseTime": 3.3999170000315644,
        "timestamp": 1760767658770,
        "statusCode": 404,
        "success": false,
        "metadata": {
          "statusCode": 404,
          "success": false,
          "queueName": "chat-queue"
        }
      }
    ]
  }
}