{
  "auth.login": {
    "stats": {
      "count": 2,
      "min": 22.944703000000118,
      "max": 25.00428200000033,
      "avg": 23.974492500000224,
      "p95": 25.00428200000033,
      "p99": 25.00428200000033,
      "successRate": 0
    },
    "metrics": [
      {
        "name": "auth.login",
        "responseTime": 22.944703000000118,
        "timestamp": 1760250775211,
        "statusCode": 404,
        "success": false,
        "metadata": {
          "statusCode": 404,
          "success": false
        }
      },
      {
        "name": "auth.login",
        "responseTime": 25.00428200000033,
        "timestamp": 1760250775213,
        "statusCode": 500,
        "success": false,
        "metadata": {
          "statusCode": 500,
          "success": false
        }
      }
    ]
  },
  "auth.register": {
    "stats": {
      "count": 1,
      "min": 2.7846690000001217,
      "max": 2.7846690000001217,
      "avg": 2.7846690000001217,
      "p95": 2.7846690000001217,
      "p99": 2.7846690000001217,
      "successRate": 0
    },
    "metrics": [
      {
        "name": "auth.register",
        "responseTime": 2.7846690000001217,
        "timestamp": 1760250775216,
        "statusCode": 404,
        "success": false,
        "metadata": {
          "statusCode": 404,
          "success": false
        }
      }
    ]
  },
  "auth.refresh": {
    "stats": {
      "count": 1,
      "min": 2.2377230000001873,
      "max": 2.2377230000001873,
      "avg": 2.2377230000001873,
      "p95": 2.2377230000001873,
      "p99": 2.2377230000001873,
      "successRate": 0
    },
    "metrics": [
      {
        "name": "auth.refresh",
        "responseTime": 2.2377230000001873,
        "timestamp": 1760250775223,
        "statusCode": 404,
        "success": false,
        "metadata": {
          "statusCode": 404,
          "success": false
        }
      }
    ]
  },
  "agents.list": {
    "stats": {
      "count": 1,
      "min": 2.2987490000000435,
      "max": 2.2987490000000435,
      "avg": 2.2987490000000435,
      "p95": 2.2987490000000435,
      "p99": 2.2987490000000435,
      "successRate": 0
    },
    "metrics": [
      {
        "name": "agents.list",
        "responseTime": 2.2987490000000435,
        "timestamp": 1760250775226,
        "statusCode": 404,
        "success": false,
        "metadata": {
          "statusCode": 404,
          "success": false,
          "agentCount": 0
        }
      }
    ]
  },
  "agents.status": {
    "stats": {
      "count": 1,
      "min": 2.122812000000067,
      "max": 2.122812000000067,
      "avg": 2.122812000000067,
      "p95": 2.122812000000067,
      "p99": 2.122812000000067,
      "successRate": 0
    },
    "metrics": [
      {
        "name": "agents.status",
        "responseTime": 2.122812000000067,
        "timestamp": 1760250775229,
        "statusCode": 404,
        "success": false,
        "metadata": {
          "statusCode": 404,
          "success": false
        }
      }
    ]
  },
  "chat.completion": {
    "stats": {
      "count": 1,
      "min": 1.7889680000002954,
      "max": 1.7889680000002954,
      "avg": 1.7889680000002954,
      "p95": 1.7889680000002954,
      "p99": 1.7889680000002954,
      "successRate": 0
    },
    "metrics": [
      {
        "name": "chat.completion",
        "responseTime": 1.7889680000002954,
        "timestamp": 1760250775232,
        "statusCode": 404,
        "success": false,
        "metadata": {
          "statusCode": 404,
          "success": false,
          "agentId": "fastgpt",
          "messageLength": 29
        }
      }
    ]
  },
  "chat.history": {
    "stats": {
      "count": 1,
      "min": 1.4610050000001138,
      "max": 1.4610050000001138,
      "avg": 1.4610050000001138,
      "p95": 1.4610050000001138,
      "p99": 1.4610050000001138,
      "successRate": 0
    },
    "metrics": [
      {
        "name": "chat.history",
        "responseTime": 1.4610050000001138,
        "timestamp": 1760250775234,
        "statusCode": 404,
        "success": false,
        "metadata": {
          "statusCode": 404,
          "success": false,
          "sessionId": "test-session-1760250775233"
        }
      }
    ]
  },
  "admin.stats": {
    "stats": {
      "count": 1,
      "min": 1.3888950000000477,
      "max": 1.3888950000000477,
      "avg": 1.3888950000000477,
      "p95": 1.3888950000000477,
      "p99": 1.3888950000000477,
      "successRate": 0
    },
    "metrics": [
      {
        "name": "admin.stats",
        "responseTime": 1.3888950000000477,
        "timestamp": 1760250775236,
        "statusCode": 404,
        "success": false,
        "metadata": {
          "statusCode": 404,
          "success": false
        }
      }
    ]
  },
  "admin.audit": {
    "stats": {
      "count": 1,
      "min": 2.644710000000032,
      "max": 2.644710000000032,
      "avg": 2.644710000000032,
      "p95": 2.644710000000032,
      "p99": 2.644710000000032,
      "successRate": 0
    },
    "metrics": [
      {
        "name": "admin.audit",
        "responseTime": 2.644710000000032,
        "timestamp": 1760250775240,
        "statusCode": 404,
        "success": false,
        "metadata": {
          "statusCode": 404,
          "success": false
        }
      }
    ]
  },
  "queue.stats": {
    "stats": {
      "count": 1,
      "min": 1.6477889999996478,
      "max": 1.6477889999996478,
      "avg": 1.6477889999996478,
      "p95": 1.6477889999996478,
      "p99": 1.6477889999996478,
      "successRate": 0
    },
    "metrics": [
      {
        "name": "queue.stats",
        "responseTime": 1.6477889999996478,
        "timestamp": 1760250775242,
        "statusCode": 404,
        "success": false,
        "metadata": {
          "statusCode": 404,
          "success": false
        }
      }
    ]
  },
  "queue.pause": {
    "stats": {
      "count": 1,
      "min": 1.3784960000002684,
      "max": 1.3784960000002684,
      "avg": 1.3784960000002684,
      "p95": 1.3784960000002684,
      "p99": 1.3784960000002684,
      "successRate": 0
    },
    "metrics": [
      {
        "name": "queue.pause",
        "responseTime": 1.3784960000002684,
        "timestamp": 1760250775245,
        "statusCode": 404,
        "success": false,
        "metadata": {
          "statusCode": 404,
          "success": false,
          "queueName": "chat-queue"
        }
      }
    ]
  }
}