{
  "auth.login": {
    "stats": {
      "count": 2,
      "min": 6.4372999999977765,
      "max": 6.9003000000011525,
      "avg": 6.6687999999994645,
      "p95": 6.9003000000011525,
      "p99": 6.9003000000011525,
      "successRate": 0
    },
    "metrics": [
      {
        "name": "auth.login",
        "responseTime": 6.4372999999977765,
        "timestamp": 1760680224105,
        "statusCode": 404,
        "success": false,
        "metadata": {
          "statusCode": 404,
          "success": false
        }
      },
      {
        "name": "auth.login",
        "responseTime": 6.9003000000011525,
        "timestamp": 1760680224105,
        "statusCode": 500,
        "success": false,
        "metadata": {
          "statusCode": 500,
          "success": false
        }
      }
    ]
  },
  "auth.register": {
    "stats": {
      "count": 1,
      "min": 2.4596000000019558,
      "max": 2.4596000000019558,
      "avg": 2.4596000000019558,
      "p95": 2.4596000000019558,
      "p99": 2.4596000000019558,
      "successRate": 0
    },
    "metrics": [
      {
        "name": "auth.register",
        "responseTime": 2.4596000000019558,
        "timestamp": 1760680224108,
        "statusCode": 404,
        "success": false,
        "metadata": {
          "statusCode": 404,
          "success": false
        }
      }
    ]
  },
  "auth.refresh": {
    "stats": {
      "count": 1,
      "min": 3.1503000000011525,
      "max": 3.1503000000011525,
      "avg": 3.1503000000011525,
      "p95": 3.1503000000011525,
      "p99": 3.1503000000011525,
      "successRate": 0
    },
    "metrics": [
      {
        "name": "auth.refresh",
        "responseTime": 3.1503000000011525,
        "timestamp": 1760680224115,
        "statusCode": 404,
        "success": false,
        "metadata": {
          "statusCode": 404,
          "success": false
        }
      }
    ]
  },
  "agents.list": {
    "stats": {
      "count": 1,
      "min": 2.633399999998801,
      "max": 2.633399999998801,
      "avg": 2.633399999998801,
      "p95": 2.633399999998801,
      "p99": 2.633399999998801,
      "successRate": 0
    },
    "metrics": [
      {
        "name": "agents.list",
        "responseTime": 2.633399999998801,
        "timestamp": 1760680224119,
        "statusCode": 404,
        "success": false,
        "metadata": {
          "statusCode": 404,
          "success": false,
          "agentCount": 0
        }
      }
    ]
  },
  "agents.status": {
    "stats": {
      "count": 1,
      "min": 2.648700000005192,
      "max": 2.648700000005192,
      "avg": 2.648700000005192,
      "p95": 2.648700000005192,
      "p99": 2.648700000005192,
      "successRate": 0
    },
    "metrics": [
      {
        "name": "agents.status",
        "responseTime": 2.648700000005192,
        "timestamp": 1760680224122,
        "statusCode": 404,
        "success": false,
        "metadata": {
          "statusCode": 404,
          "success": false
        }
      }
    ]
  },
  "chat.completion": {
    "stats": {
      "count": 1,
      "min": 3.0995999999940977,
      "max": 3.0995999999940977,
      "avg": 3.0995999999940977,
      "p95": 3.0995999999940977,
      "p99": 3.0995999999940977,
      "successRate": 0
    },
    "metrics": [
      {
        "name": "chat.completion",
        "responseTime": 3.0995999999940977,
        "timestamp": 1760680224126,
        "statusCode": 404,
        "success": false,
        "metadata": {
          "statusCode": 404,
          "success": false,
          "agentId": "fastgpt",
          "messageLength": 29
        }
      }
    ]
  },
  "chat.history": {
    "stats": {
      "count": 1,
      "min": 2.4161999999996624,
      "max": 2.4161999999996624,
      "avg": 2.4161999999996624,
      "p95": 2.4161999999996624,
      "p99": 2.4161999999996624,
      "successRate": 0
    },
    "metrics": [
      {
        "name": "chat.history",
        "responseTime": 2.4161999999996624,
        "timestamp": 1760680224129,
        "statusCode": 404,
        "success": false,
        "metadata": {
          "statusCode": 404,
          "success": false,
          "sessionId": "test-session-1760680224127"
        }
      }
    ]
  },
  "admin.stats": {
    "stats": {
      "count": 1,
      "min": 2.555099999997765,
      "max": 2.555099999997765,
      "avg": 2.555099999997765,
      "p95": 2.555099999997765,
      "p99": 2.555099999997765,
      "successRate": 0
    },
    "metrics": [
      {
        "name": "admin.stats",
        "responseTime": 2.555099999997765,
        "timestamp": 1760680224132,
        "statusCode": 404,
        "success": false,
        "metadata": {
          "statusCode": 404,
          "success": false
        }
      }
    ]
  },
  "admin.audit": {
    "stats": {
      "count": 1,
      "min": 10.556799999998475,
      "max": 10.556799999998475,
      "avg": 10.556799999998475,
      "p95": 10.556799999998475,
      "p99": 10.556799999998475,
      "successRate": 0
    },
    "metrics": [
      {
        "name": "admin.audit",
        "responseTime": 10.556799999998475,
        "timestamp": 1760680224144,
        "statusCode": 404,
        "success": false,
        "metadata": {
          "statusCode": 404,
          "success": false
        }
      }
    ]
  },
  "queue.stats": {
    "stats": {
      "count": 1,
      "min": 2.175699999999779,
      "max": 2.175699999999779,
      "avg": 2.175699999999779,
      "p95": 2.175699999999779,
      "p99": 2.175699999999779,
      "successRate": 0
    },
    "metrics": [
      {
        "name": "queue.stats",
        "responseTime": 2.175699999999779,
        "timestamp": 1760680224147,
        "statusCode": 404,
        "success": false,
        "metadata": {
          "statusCode": 404,
          "success": false
        }
      }
    ]
  },
  "queue.pause": {
    "stats": {
      "count": 1,
      "min": 2.5596000000005006,
      "max": 2.5596000000005006,
      "avg": 2.5596000000005006,
      "p95": 2.5596000000005006,
      "p99": 2.5596000000005006,
      "successRate": 0
    },
    "metrics": [
      {
        "name": "queue.pause",
        "responseTime": 2.5596000000005006,
        "timestamp": 1760680224150,
        "statusCode": 404,
        "success": false,
        "metadata": {
          "statusCode": 404,
          "success": false,
          "queueName": "chat-queue"
        }
      }
    ]
  }
}