{
  "auth.login": {
    "stats": {
      "count": 2,
      "min": 20.057499999995343,
      "max": 20.951499999995576,
      "avg": 20.50449999999546,
      "p95": 20.951499999995576,
      "p99": 20.951499999995576,
      "successRate": 0
    },
    "metrics": [
      {
        "name": "auth.login",
        "responseTime": 20.057499999995343,
        "timestamp": 1760680632675,
        "statusCode": 404,
        "success": false,
        "metadata": {
          "statusCode": 404,
          "success": false
        }
      },
      {
        "name": "auth.login",
        "responseTime": 20.951499999995576,
        "timestamp": 1760680632676,
        "statusCode": 500,
        "success": false,
        "metadata": {
          "statusCode": 500,
          "success": false
        }
      }
    ]
  },
  "auth.register": {
    "stats": {
      "count": 1,
      "min": 3.586699999999837,
      "max": 3.586699999999837,
      "avg": 3.586699999999837,
      "p95": 3.586699999999837,
      "p99": 3.586699999999837,
      "successRate": 0
    },
    "metrics": [
      {
        "name": "auth.register",
        "responseTime": 3.586699999999837,
        "timestamp": 1760680632680,
        "statusCode": 404,
        "success": false,
        "metadata": {
          "statusCode": 404,
          "success": false
        }
      }
    ]
  },
  "auth.refresh": {
    "stats": {
      "count": 1,
      "min": 8.277499999996508,
      "max": 8.277499999996508,
      "avg": 8.277499999996508,
      "p95": 8.277499999996508,
      "p99": 8.277499999996508,
      "successRate": 0
    },
    "metrics": [
      {
        "name": "auth.refresh",
        "responseTime": 8.277499999996508,
        "timestamp": 1760680632693,
        "statusCode": 404,
        "success": false,
        "metadata": {
          "statusCode": 404,
          "success": false
        }
      }
    ]
  },
  "agents.list": {
    "stats": {
      "count": 1,
      "min": 5.486600000003818,
      "max": 5.486600000003818,
      "avg": 5.486600000003818,
      "p95": 5.486600000003818,
      "p99": 5.486600000003818,
      "successRate": 0
    },
    "metrics": [
      {
        "name": "agents.list",
        "responseTime": 5.486600000003818,
        "timestamp": 1760680632701,
        "statusCode": 404,
        "success": false,
        "metadata": {
          "statusCode": 404,
          "success": false,
          "agentCount": 0
        }
      }
    ]
  },
  "agents.status": {
    "stats": {
      "count": 1,
      "min": 3.936599999993632,
      "max": 3.936599999993632,
      "avg": 3.936599999993632,
      "p95": 3.936599999993632,
      "p99": 3.936599999993632,
      "successRate": 0
    },
    "metrics": [
      {
        "name": "agents.status",
        "responseTime": 3.936599999993632,
        "timestamp": 1760680632706,
        "statusCode": 404,
        "success": false,
        "metadata": {
          "statusCode": 404,
          "success": false
        }
      }
    ]
  },
  "chat.completion": {
    "stats": {
      "count": 1,
      "min": 5.590099999993981,
      "max": 5.590099999993981,
      "avg": 5.590099999993981,
      "p95": 5.590099999993981,
      "p99": 5.590099999993981,
      "successRate": 0
    },
    "metrics": [
      {
        "name": "chat.completion",
        "responseTime": 5.590099999993981,
        "timestamp": 1760680632713,
        "statusCode": 404,
        "success": false,
        "metadata": {
          "statusCode": 404,
          "success": false,
          "agentId": "fastgpt",
          "messageLength": 29
        }
      }
    ]
  },
  "chat.history": {
    "stats": {
      "count": 1,
      "min": 3.7083000000056927,
      "max": 3.7083000000056927,
      "avg": 3.7083000000056927,
      "p95": 3.7083000000056927,
      "p99": 3.7083000000056927,
      "successRate": 0
    },
    "metrics": [
      {
        "name": "chat.history",
        "responseTime": 3.7083000000056927,
        "timestamp": 1760680632718,
        "statusCode": 404,
        "success": false,
        "metadata": {
          "statusCode": 404,
          "success": false,
          "sessionId": "test-session-1760680632715"
        }
      }
    ]
  },
  "admin.stats": {
    "stats": {
      "count": 1,
      "min": 3.791299999997136,
      "max": 3.791299999997136,
      "avg": 3.791299999997136,
      "p95": 3.791299999997136,
      "p99": 3.791299999997136,
      "successRate": 0
    },
    "metrics": [
      {
        "name": "admin.stats",
        "responseTime": 3.791299999997136,
        "timestamp": 1760680632723,
        "statusCode": 404,
        "success": false,
        "metadata": {
          "statusCode": 404,
          "success": false
        }
      }
    ]
  },
  "admin.audit": {
    "stats": {
      "count": 1,
      "min": 3.4558000000033644,
      "max": 3.4558000000033644,
      "avg": 3.4558000000033644,
      "p95": 3.4558000000033644,
      "p99": 3.4558000000033644,
      "successRate": 0
    },
    "metrics": [
      {
        "name": "admin.audit",
        "responseTime": 3.4558000000033644,
        "timestamp": 1760680632728,
        "statusCode": 404,
        "success": false,
        "metadata": {
          "statusCode": 404,
          "success": false
        }
      }
    ]
  },
  "queue.stats": {
    "stats": {
      "count": 1,
      "min": 4.635199999996985,
      "max": 4.635199999996985,
      "avg": 4.635199999996985,
      "p95": 4.635199999996985,
      "p99": 4.635199999996985,
      "successRate": 0
    },
    "metrics": [
      {
        "name": "queue.stats",
        "responseTime": 4.635199999996985,
        "timestamp": 1760680632734,
        "statusCode": 404,
        "success": false,
        "metadata": {
          "statusCode": 404,
          "success": false
        }
      }
    ]
  },
  "queue.pause": {
    "stats": {
      "count": 1,
      "min": 4.120300000002317,
      "max": 4.120300000002317,
      "avg": 4.120300000002317,
      "p95": 4.120300000002317,
      "p99": 4.120300000002317,
      "successRate": 0
    },
    "metrics": [
      {
        "name": "queue.pause",
        "responseTime": 4.120300000002317,
        "timestamp": 1760680632739,
        "statusCode": 404,
        "success": false,
        "metadata": {
          "statusCode": 404,
          "success": false,
          "queueName": "chat-queue"
        }
      }
    ]
  }
}