{
  "auth.login": {
    "stats": {
      "count": 2,
      "min": 21.12750000000233,
      "max": 22.237999999997555,
      "avg": 21.682749999999942,
      "p95": 22.237999999997555,
      "p99": 22.237999999997555,
      "successRate": 0
    },
    "metrics": [
      {
        "name": "auth.login",
        "responseTime": 21.12750000000233,
        "timestamp": 1760627244428,
        "statusCode": 404,
        "success": false,
        "metadata": {
          "statusCode": 404,
          "success": false
        }
      },
      {
        "name": "auth.login",
        "responseTime": 22.237999999997555,
        "timestamp": 1760627244429,
        "statusCode": 500,
        "success": false,
        "metadata": {
          "statusCode": 500,
          "success": false
        }
      }
    ]
  },
  "auth.register": {
    "stats": {
      "count": 1,
      "min": 7.074699999997392,
      "max": 7.074699999997392,
      "avg": 7.074699999997392,
      "p95": 7.074699999997392,
      "p99": 7.074699999997392,
      "successRate": 0
    },
    "metrics": [
      {
        "name": "auth.register",
        "responseTime": 7.074699999997392,
        "timestamp": 1760627244437,
        "statusCode": 404,
        "success": false,
        "metadata": {
          "statusCode": 404,
          "success": false
        }
      }
    ]
  },
  "auth.refresh": {
    "stats": {
      "count": 1,
      "min": 4.803599999999278,
      "max": 4.803599999999278,
      "avg": 4.803599999999278,
      "p95": 4.803599999999278,
      "p99": 4.803599999999278,
      "successRate": 0
    },
    "metrics": [
      {
        "name": "auth.refresh",
        "responseTime": 4.803599999999278,
        "timestamp": 1760627244449,
        "statusCode": 404,
        "success": false,
        "metadata": {
          "statusCode": 404,
          "success": false
        }
      }
    ]
  },
  "agents.list": {
    "stats": {
      "count": 1,
      "min": 9.09299999999348,
      "max": 9.09299999999348,
      "avg": 9.09299999999348,
      "p95": 9.09299999999348,
      "p99": 9.09299999999348,
      "successRate": 0
    },
    "metrics": [
      {
        "name": "agents.list",
        "responseTime": 9.09299999999348,
        "timestamp": 1760627244460,
        "statusCode": 404,
        "success": false,
        "metadata": {
          "statusCode": 404,
          "success": false,
          "agentCount": 0
        }
      }
    ]
  },
  "agents.status": {
    "stats": {
      "count": 1,
      "min": 4.491900000008172,
      "max": 4.491900000008172,
      "avg": 4.491900000008172,
      "p95": 4.491900000008172,
      "p99": 4.491900000008172,
      "successRate": 0
    },
    "metrics": [
      {
        "name": "agents.status",
        "responseTime": 4.491900000008172,
        "timestamp": 1760627244467,
        "statusCode": 404,
        "success": false,
        "metadata": {
          "statusCode": 404,
          "success": false
        }
      }
    ]
  },
  "chat.completion": {
    "stats": {
      "count": 1,
      "min": 6.1907999999966705,
      "max": 6.1907999999966705,
      "avg": 6.1907999999966705,
      "p95": 6.1907999999966705,
      "p99": 6.1907999999966705,
      "successRate": 0
    },
    "metrics": [
      {
        "name": "chat.completion",
        "responseTime": 6.1907999999966705,
        "timestamp": 1760627244474,
        "statusCode": 404,
        "success": false,
        "metadata": {
          "statusCode": 404,
          "success": false,
          "agentId": "fastgpt",
          "messageLength": 29
        }
      }
    ]
  },
  "chat.history": {
    "stats": {
      "count": 1,
      "min": 4.472399999998743,
      "max": 4.472399999998743,
      "avg": 4.472399999998743,
      "p95": 4.472399999998743,
      "p99": 4.472399999998743,
      "successRate": 0
    },
    "metrics": [
      {
        "name": "chat.history",
        "responseTime": 4.472399999998743,
        "timestamp": 1760627244481,
        "statusCode": 404,
        "success": false,
        "metadata": {
          "statusCode": 404,
          "success": false,
          "sessionId": "test-session-1760627244476"
        }
      }
    ]
  },
  "admin.stats": {
    "stats": {
      "count": 1,
      "min": 3.662899999995716,
      "max": 3.662899999995716,
      "avg": 3.662899999995716,
      "p95": 3.662899999995716,
      "p99": 3.662899999995716,
      "successRate": 0
    },
    "metrics": [
      {
        "name": "admin.stats",
        "responseTime": 3.662899999995716,
        "timestamp": 1760627244485,
        "statusCode": 404,
        "success": false,
        "metadata": {
          "statusCode": 404,
          "success": false
        }
      }
    ]
  },
  "admin.audit": {
    "stats": {
      "count": 1,
      "min": 4.594700000001467,
      "max": 4.594700000001467,
      "avg": 4.594700000001467,
      "p95": 4.594700000001467,
      "p99": 4.594700000001467,
      "successRate": 0
    },
    "metrics": [
      {
        "name": "admin.audit",
        "responseTime": 4.594700000001467,
        "timestamp": 1760627244491,
        "statusCode": 404,
        "success": false,
        "metadata": {
          "statusCode": 404,
          "success": false
        }
      }
    ]
  },
  "queue.stats": {
    "stats": {
      "count": 1,
      "min": 5.171099999992293,
      "max": 5.171099999992293,
      "avg": 5.171099999992293,
      "p95": 5.171099999992293,
      "p99": 5.171099999992293,
      "successRate": 0
    },
    "metrics": [
      {
        "name": "queue.stats",
        "responseTime": 5.171099999992293,
        "timestamp": 1760627244498,
        "statusCode": 404,
        "success": false,
        "metadata": {
          "statusCode": 404,
          "success": false
        }
      }
    ]
  },
  "queue.pause": {
    "stats": {
      "count": 1,
      "min": 3.961200000005192,
      "max": 3.961200000005192,
      "avg": 3.961200000005192,
      "p95": 3.961200000005192,
      "p99": 3.961200000005192,
      "successRate": 0
    },
    "metrics": [
      {
        "name": "queue.pause",
        "responseTime": 3.961200000005192,
        "timestamp": 1760627244504,
        "statusCode": 404,
        "success": false,
        "metadata": {
          "statusCode": 404,
          "success": false,
          "queueName": "chat-queue"
        }
      }
    ]
  }
}