{
  "auth.login": {
    "stats": {
      "count": 2,
      "min": 14.21639999999752,
      "max": 14.771499999995285,
      "avg": 14.493949999996403,
      "p95": 14.771499999995285,
      "p99": 14.771499999995285,
      "successRate": 0
    },
    "metrics": [
      {
        "name": "auth.login",
        "responseTime": 14.21639999999752,
        "timestamp": 1760622700227,
        "statusCode": 404,
        "success": false,
        "metadata": {
          "statusCode": 404,
          "success": false
        }
      },
      {
        "name": "auth.login",
        "responseTime": 14.771499999995285,
        "timestamp": 1760622700227,
        "statusCode": 500,
        "success": false,
        "metadata": {
          "statusCode": 500,
          "success": false
        }
      }
    ]
  },
  "auth.register": {
    "stats": {
      "count": 1,
      "min": 3.432600000000093,
      "max": 3.432600000000093,
      "avg": 3.432600000000093,
      "p95": 3.432600000000093,
      "p99": 3.432600000000093,
      "successRate": 0
    },
    "metrics": [
      {
        "name": "auth.register",
        "responseTime": 3.432600000000093,
        "timestamp": 1760622700231,
        "statusCode": 404,
        "success": false,
        "metadata": {
          "statusCode": 404,
          "success": false
        }
      }
    ]
  },
  "auth.refresh": {
    "stats": {
      "count": 1,
      "min": 2.610500000002503,
      "max": 2.610500000002503,
      "avg": 2.610500000002503,
      "p95": 2.610500000002503,
      "p99": 2.610500000002503,
      "successRate": 0
    },
    "metrics": [
      {
        "name": "auth.refresh",
        "responseTime": 2.610500000002503,
        "timestamp": 1760622700237,
        "statusCode": 404,
        "success": false,
        "metadata": {
          "statusCode": 404,
          "success": false
        }
      }
    ]
  },
  "agents.list": {
    "stats": {
      "count": 1,
      "min": 2.3460999999952037,
      "max": 2.3460999999952037,
      "avg": 2.3460999999952037,
      "p95": 2.3460999999952037,
      "p99": 2.3460999999952037,
      "successRate": 0
    },
    "metrics": [
      {
        "name": "agents.list",
        "responseTime": 2.3460999999952037,
        "timestamp": 1760622700240,
        "statusCode": 404,
        "success": false,
        "metadata": {
          "statusCode": 404,
          "success": false,
          "agentCount": 0
        }
      }
    ]
  },
  "agents.status": {
    "stats": {
      "count": 1,
      "min": 2.1679000000003725,
      "max": 2.1679000000003725,
      "avg": 2.1679000000003725,
      "p95": 2.1679000000003725,
      "p99": 2.1679000000003725,
      "successRate": 0
    },
    "metrics": [
      {
        "name": "agents.status",
        "responseTime": 2.1679000000003725,
        "timestamp": 1760622700242,
        "statusCode": 404,
        "success": false,
        "metadata": {
          "statusCode": 404,
          "success": false
        }
      }
    ]
  },
  "chat.completion": {
    "stats": {
      "count": 1,
      "min": 2.235399999997753,
      "max": 2.235399999997753,
      "avg": 2.235399999997753,
      "p95": 2.235399999997753,
      "p99": 2.235399999997753,
      "successRate": 0
    },
    "metrics": [
      {
        "name": "chat.completion",
        "responseTime": 2.235399999997753,
        "timestamp": 1760622700245,
        "statusCode": 404,
        "success": false,
        "metadata": {
          "statusCode": 404,
          "success": false,
          "agentId": "fastgpt",
          "messageLength": 29
        }
      }
    ]
  },
  "chat.history": {
    "stats": {
      "count": 1,
      "min": 3.8152999999947497,
      "max": 3.8152999999947497,
      "avg": 3.8152999999947497,
      "p95": 3.8152999999947497,
      "p99": 3.8152999999947497,
      "successRate": 0
    },
    "metrics": [
      {
        "name": "chat.history",
        "responseTime": 3.8152999999947497,
        "timestamp": 1760622700250,
        "statusCode": 404,
        "success": false,
        "metadata": {
          "statusCode": 404,
          "success": false,
          "sessionId": "test-session-1760622700246"
        }
      }
    ]
  },
  "admin.stats": {
    "stats": {
      "count": 1,
      "min": 2.952400000001944,
      "max": 2.952400000001944,
      "avg": 2.952400000001944,
      "p95": 2.952400000001944,
      "p99": 2.952400000001944,
      "successRate": 0
    },
    "metrics": [
      {
        "name": "admin.stats",
        "responseTime": 2.952400000001944,
        "timestamp": 1760622700253,
        "statusCode": 404,
        "success": false,
        "metadata": {
          "statusCode": 404,
          "success": false
        }
      }
    ]
  },
  "admin.audit": {
    "stats": {
      "count": 1,
      "min": 2.2770999999993364,
      "max": 2.2770999999993364,
      "avg": 2.2770999999993364,
      "p95": 2.2770999999993364,
      "p99": 2.2770999999993364,
      "successRate": 0
    },
    "metrics": [
      {
        "name": "admin.audit",
        "responseTime": 2.2770999999993364,
        "timestamp": 1760622700256,
        "statusCode": 404,
        "success": false,
        "metadata": {
          "statusCode": 404,
          "success": false
        }
      }
    ]
  },
  "queue.stats": {
    "stats": {
      "count": 1,
      "min": 2.149199999999837,
      "max": 2.149199999999837,
      "avg": 2.149199999999837,
      "p95": 2.149199999999837,
      "p99": 2.149199999999837,
      "successRate": 0
    },
    "metrics": [
      {
        "name": "queue.stats",
        "responseTime": 2.149199999999837,
        "timestamp": 1760622700259,
        "statusCode": 404,
        "success": false,
        "metadata": {
          "statusCode": 404,
          "success": false
        }
      }
    ]
  },
  "queue.pause": {
    "stats": {
      "count": 1,
      "min": 2.151799999999639,
      "max": 2.151799999999639,
      "avg": 2.151799999999639,
      "p95": 2.151799999999639,
      "p99": 2.151799999999639,
      "successRate": 0
    },
    "metrics": [
      {
        "name": "queue.pause",
        "responseTime": 2.151799999999639,
        "timestamp": 1760622700262,
        "statusCode": 404,
        "success": false,
        "metadata": {
          "statusCode": 404,
          "success": false,
          "queueName": "chat-queue"
        }
      }
    ]
  }
}