{
  "auth.login": {
    "stats": {
      "count": 2,
      "min": 11.109599999996135,
      "max": 11.951799999995274,
      "avg": 11.530699999995704,
      "p95": 11.951799999995274,
      "p99": 11.951799999995274,
      "successRate": 0
    },
    "metrics": [
      {
        "name": "auth.login",
        "responseTime": 11.109599999996135,
        "timestamp": 1760632379166,
        "statusCode": 404,
        "success": false,
        "metadata": {
          "statusCode": 404,
          "success": false
        }
      },
      {
        "name": "auth.login",
        "responseTime": 11.951799999995274,
        "timestamp": 1760632379167,
        "statusCode": 500,
        "success": false,
        "metadata": {
          "statusCode": 500,
          "success": false
        }
      }
    ]
  },
  "auth.register": {
    "stats": {
      "count": 1,
      "min": 5.059699999997974,
      "max": 5.059699999997974,
      "avg": 5.059699999997974,
      "p95": 5.059699999997974,
      "p99": 5.059699999997974,
      "successRate": 0
    },
    "metrics": [
      {
        "name": "auth.register",
        "responseTime": 5.059699999997974,
        "timestamp": 1760632379173,
        "statusCode": 404,
        "success": false,
        "metadata": {
          "statusCode": 404,
          "success": false
        }
      }
    ]
  },
  "auth.refresh": {
    "stats": {
      "count": 1,
      "min": 3.4491999999954714,
      "max": 3.4491999999954714,
      "avg": 3.4491999999954714,
      "p95": 3.4491999999954714,
      "p99": 3.4491999999954714,
      "successRate": 0
    },
    "metrics": [
      {
        "name": "auth.refresh",
        "responseTime": 3.4491999999954714,
        "timestamp": 1760632379182,
        "statusCode": 404,
        "success": false,
        "metadata": {
          "statusCode": 404,
          "success": false
        }
      }
    ]
  },
  "agents.list": {
    "stats": {
      "count": 1,
      "min": 3.0815999999977066,
      "max": 3.0815999999977066,
      "avg": 3.0815999999977066,
      "p95": 3.0815999999977066,
      "p99": 3.0815999999977066,
      "successRate": 0
    },
    "metrics": [
      {
        "name": "agents.list",
        "responseTime": 3.0815999999977066,
        "timestamp": 1760632379186,
        "statusCode": 404,
        "success": false,
        "metadata": {
          "statusCode": 404,
          "success": false,
          "agentCount": 0
        }
      }
    ]
  },
  "agents.status": {
    "stats": {
      "count": 1,
      "min": 4.350700000002689,
      "max": 4.350700000002689,
      "avg": 4.350700000002689,
      "p95": 4.350700000002689,
      "p99": 4.350700000002689,
      "successRate": 0
    },
    "metrics": [
      {
        "name": "agents.status",
        "responseTime": 4.350700000002689,
        "timestamp": 1760632379192,
        "statusCode": 404,
        "success": false,
        "metadata": {
          "statusCode": 404,
          "success": false
        }
      }
    ]
  },
  "chat.completion": {
    "stats": {
      "count": 1,
      "min": 4.1313999999983935,
      "max": 4.1313999999983935,
      "avg": 4.1313999999983935,
      "p95": 4.1313999999983935,
      "p99": 4.1313999999983935,
      "successRate": 0
    },
    "metrics": [
      {
        "name": "chat.completion",
        "responseTime": 4.1313999999983935,
        "timestamp": 1760632379197,
        "statusCode": 404,
        "success": false,
        "metadata": {
          "statusCode": 404,
          "success": false,
          "agentId": "fastgpt",
          "messageLength": 29
        }
      }
    ]
  },
  "chat.history": {
    "stats": {
      "count": 1,
      "min": 3.1564999999973224,
      "max": 3.1564999999973224,
      "avg": 3.1564999999973224,
      "p95": 3.1564999999973224,
      "p99": 3.1564999999973224,
      "successRate": 0
    },
    "metrics": [
      {
        "name": "chat.history",
        "responseTime": 3.1564999999973224,
        "timestamp": 1760632379201,
        "statusCode": 404,
        "success": false,
        "metadata": {
          "statusCode": 404,
          "success": false,
          "sessionId": "test-session-1760632379198"
        }
      }
    ]
  },
  "admin.stats": {
    "stats": {
      "count": 1,
      "min": 2.638699999995879,
      "max": 2.638699999995879,
      "avg": 2.638699999995879,
      "p95": 2.638699999995879,
      "p99": 2.638699999995879,
      "successRate": 0
    },
    "metrics": [
      {
        "name": "admin.stats",
        "responseTime": 2.638699999995879,
        "timestamp": 1760632379204,
        "statusCode": 404,
        "success": false,
        "metadata": {
          "statusCode": 404,
          "success": false
        }
      }
    ]
  },
  "admin.audit": {
    "stats": {
      "count": 1,
      "min": 3.962199999994482,
      "max": 3.962199999994482,
      "avg": 3.962199999994482,
      "p95": 3.962199999994482,
      "p99": 3.962199999994482,
      "successRate": 0
    },
    "metrics": [
      {
        "name": "admin.audit",
        "responseTime": 3.962199999994482,
        "timestamp": 1760632379209,
        "statusCode": 404,
        "success": false,
        "metadata": {
          "statusCode": 404,
          "success": false
        }
      }
    ]
  },
  "queue.stats": {
    "stats": {
      "count": 1,
      "min": 3.736000000004424,
      "max": 3.736000000004424,
      "avg": 3.736000000004424,
      "p95": 3.736000000004424,
      "p99": 3.736000000004424,
      "successRate": 0
    },
    "metrics": [
      {
        "name": "queue.stats",
        "responseTime": 3.736000000004424,
        "timestamp": 1760632379214,
        "statusCode": 404,
        "success": false,
        "metadata": {
          "statusCode": 404,
          "success": false
        }
      }
    ]
  },
  "queue.pause": {
    "stats": {
      "count": 1,
      "min": 3.92439999999624,
      "max": 3.92439999999624,
      "avg": 3.92439999999624,
      "p95": 3.92439999999624,
      "p99": 3.92439999999624,
      "successRate": 0
    },
    "metrics": [
      {
        "name": "queue.pause",
        "responseTime": 3.92439999999624,
        "timestamp": 1760632379218,
        "statusCode": 404,
        "success": false,
        "metadata": {
          "statusCode": 404,
          "success": false,
          "queueName": "chat-queue"
        }
      }
    ]
  }
}