{
  "auth.login": {
    "stats": {
      "count": 2,
      "min": 66.67979999999989,
      "max": 74.35499999999956,
      "avg": 70.51739999999972,
      "p95": 74.35499999999956,
      "p99": 74.35499999999956,
      "successRate": 0
    },
    "metrics": [
      {
        "name": "auth.login",
        "responseTime": 66.67979999999989,
        "timestamp": 1760687846982,
        "statusCode": 404,
        "success": false,
        "metadata": {
          "statusCode": 404,
          "success": false
        }
      },
      {
        "name": "auth.login",
        "responseTime": 74.35499999999956,
        "timestamp": 1760687846989,
        "statusCode": 500,
        "success": false,
        "metadata": {
          "statusCode": 500,
          "success": false
        }
      }
    ]
  },
  "auth.register": {
    "stats": {
      "count": 1,
      "min": 11.767700000000332,
      "max": 11.767700000000332,
      "avg": 11.767700000000332,
      "p95": 11.767700000000332,
      "p99": 11.767700000000332,
      "successRate": 0
    },
    "metrics": [
      {
        "name": "auth.register",
        "responseTime": 11.767700000000332,
        "timestamp": 1760687847003,
        "statusCode": 404,
        "success": false,
        "metadata": {
          "statusCode": 404,
          "success": false
        }
      }
    ]
  },
  "auth.refresh": {
    "stats": {
      "count": 1,
      "min": 6.824199999999109,
      "max": 6.824199999999109,
      "avg": 6.824199999999109,
      "p95": 6.824199999999109,
      "p99": 6.824199999999109,
      "successRate": 0
    },
    "metrics": [
      {
        "name": "auth.refresh",
        "responseTime": 6.824199999999109,
        "timestamp": 1760687847021,
        "statusCode": 404,
        "success": false,
        "metadata": {
          "statusCode": 404,
          "success": false
        }
      }
    ]
  },
  "agents.list": {
    "stats": {
      "count": 1,
      "min": 8.990599999999176,
      "max": 8.990599999999176,
      "avg": 8.990599999999176,
      "p95": 8.990599999999176,
      "p99": 8.990599999999176,
      "successRate": 0
    },
    "metrics": [
      {
        "name": "agents.list",
        "responseTime": 8.990599999999176,
        "timestamp": 1760687847032,
        "statusCode": 404,
        "success": false,
        "metadata": {
          "statusCode": 404,
          "success": false,
          "agentCount": 0
        }
      }
    ]
  },
  "agents.status": {
    "stats": {
      "count": 1,
      "min": 7.183499999999185,
      "max": 7.183499999999185,
      "avg": 7.183499999999185,
      "p95": 7.183499999999185,
      "p99": 7.183499999999185,
      "successRate": 0
    },
    "metrics": [
      {
        "name": "agents.status",
        "responseTime": 7.183499999999185,
        "timestamp": 1760687847043,
        "statusCode": 404,
        "success": false,
        "metadata": {
          "statusCode": 404,
          "success": false
        }
      }
    ]
  },
  "chat.completion": {
    "stats": {
      "count": 1,
      "min": 5.721700000000055,
      "max": 5.721700000000055,
      "avg": 5.721700000000055,
      "p95": 5.721700000000055,
      "p99": 5.721700000000055,
      "successRate": 0
    },
    "metrics": [
      {
        "name": "chat.completion",
        "responseTime": 5.721700000000055,
        "timestamp": 1760687847050,
        "statusCode": 404,
        "success": false,
        "metadata": {
          "statusCode": 404,
          "success": false,
          "agentId": "fastgpt",
          "messageLength": 29
        }
      }
    ]
  },
  "chat.history": {
    "stats": {
      "count": 1,
      "min": 8.063000000000102,
      "max": 8.063000000000102,
      "avg": 8.063000000000102,
      "p95": 8.063000000000102,
      "p99": 8.063000000000102,
      "successRate": 0
    },
    "metrics": [
      {
        "name": "chat.history",
        "responseTime": 8.063000000000102,
        "timestamp": 1760687847060,
        "statusCode": 404,
        "success": false,
        "metadata": {
          "statusCode": 404,
          "success": false,
          "sessionId": "test-session-1760687847052"
        }
      }
    ]
  },
  "admin.stats": {
    "stats": {
      "count": 1,
      "min": 5.016100000000733,
      "max": 5.016100000000733,
      "avg": 5.016100000000733,
      "p95": 5.016100000000733,
      "p99": 5.016100000000733,
      "successRate": 0
    },
    "metrics": [
      {
        "name": "admin.stats",
        "responseTime": 5.016100000000733,
        "timestamp": 1760687847066,
        "statusCode": 404,
        "success": false,
        "metadata": {
          "statusCode": 404,
          "success": false
        }
      }
    ]
  },
  "admin.audit": {
    "stats": {
      "count": 1,
      "min": 9.951499999999214,
      "max": 9.951499999999214,
      "avg": 9.951499999999214,
      "p95": 9.951499999999214,
      "p99": 9.951499999999214,
      "successRate": 0
    },
    "metrics": [
      {
        "name": "admin.audit",
        "responseTime": 9.951499999999214,
        "timestamp": 1760687847077,
        "statusCode": 404,
        "success": false,
        "metadata": {
          "statusCode": 404,
          "success": false
        }
      }
    ]
  },
  "queue.stats": {
    "stats": {
      "count": 1,
      "min": 9.788099999999758,
      "max": 9.788099999999758,
      "avg": 9.788099999999758,
      "p95": 9.788099999999758,
      "p99": 9.788099999999758,
      "successRate": 0
    },
    "metrics": [
      {
        "name": "queue.stats",
        "responseTime": 9.788099999999758,
        "timestamp": 1760687847089,
        "statusCode": 404,
        "success": false,
        "metadata": {
          "statusCode": 404,
          "success": false
        }
      }
    ]
  },
  "queue.pause": {
    "stats": {
      "count": 1,
      "min": 6.299600000000282,
      "max": 6.299600000000282,
      "avg": 6.299600000000282,
      "p95": 6.299600000000282,
      "p99": 6.299600000000282,
      "successRate": 0
    },
    "metrics": [
      {
        "name": "queue.pause",
        "responseTime": 6.299600000000282,
        "timestamp": 1760687847097,
        "statusCode": 404,
        "success": false,
        "metadata": {
          "statusCode": 404,
          "success": false,
          "queueName": "chat-queue"
        }
      }
    ]
  }
}