{
  "auth.login": {
    "stats": {
      "count": 2,
      "min": 10.6649000000034,
      "max": 11.34030000000348,
      "avg": 11.00260000000344,
      "p95": 11.34030000000348,
      "p99": 11.34030000000348,
      "successRate": 0
    },
    "metrics": [
      {
        "name": "auth.login",
        "responseTime": 10.6649000000034,
        "timestamp": 1760685672921,
        "statusCode": 404,
        "success": false,
        "metadata": {
          "statusCode": 404,
          "success": false
        }
      },
      {
        "name": "auth.login",
        "responseTime": 11.34030000000348,
        "timestamp": 1760685672922,
        "statusCode": 500,
        "success": false,
        "metadata": {
          "statusCode": 500,
          "success": false
        }
      }
    ]
  },
  "auth.register": {
    "stats": {
      "count": 1,
      "min": 3.9047999999966123,
      "max": 3.9047999999966123,
      "avg": 3.9047999999966123,
      "p95": 3.9047999999966123,
      "p99": 3.9047999999966123,
      "successRate": 0
    },
    "metrics": [
      {
        "name": "auth.register",
        "responseTime": 3.9047999999966123,
        "timestamp": 1760685672926,
        "statusCode": 404,
        "success": false,
        "metadata": {
          "statusCode": 404,
          "success": false
        }
      }
    ]
  },
  "auth.refresh": {
    "stats": {
      "count": 1,
      "min": 3.256200000003446,
      "max": 3.256200000003446,
      "avg": 3.256200000003446,
      "p95": 3.256200000003446,
      "p99": 3.256200000003446,
      "successRate": 0
    },
    "metrics": [
      {
        "name": "auth.refresh",
        "responseTime": 3.256200000003446,
        "timestamp": 1760685672933,
        "statusCode": 404,
        "success": false,
        "metadata": {
          "statusCode": 404,
          "success": false
        }
      }
    ]
  },
  "agents.list": {
    "stats": {
      "count": 1,
      "min": 2.671300000001793,
      "max": 2.671300000001793,
      "avg": 2.671300000001793,
      "p95": 2.671300000001793,
      "p99": 2.671300000001793,
      "successRate": 0
    },
    "metrics": [
      {
        "name": "agents.list",
        "responseTime": 2.671300000001793,
        "timestamp": 1760685672937,
        "statusCode": 404,
        "success": false,
        "metadata": {
          "statusCode": 404,
          "success": false,
          "agentCount": 0
        }
      }
    ]
  },
  "agents.status": {
    "stats": {
      "count": 1,
      "min": 3.3065999999962514,
      "max": 3.3065999999962514,
      "avg": 3.3065999999962514,
      "p95": 3.3065999999962514,
      "p99": 3.3065999999962514,
      "successRate": 0
    },
    "metrics": [
      {
        "name": "agents.status",
        "responseTime": 3.3065999999962514,
        "timestamp": 1760685672941,
        "statusCode": 404,
        "success": false,
        "metadata": {
          "statusCode": 404,
          "success": false
        }
      }
    ]
  },
  "chat.completion": {
    "stats": {
      "count": 1,
      "min": 2.7758000000030734,
      "max": 2.7758000000030734,
      "avg": 2.7758000000030734,
      "p95": 2.7758000000030734,
      "p99": 2.7758000000030734,
      "successRate": 0
    },
    "metrics": [
      {
        "name": "chat.completion",
        "responseTime": 2.7758000000030734,
        "timestamp": 1760685672944,
        "statusCode": 404,
        "success": false,
        "metadata": {
          "statusCode": 404,
          "success": false,
          "agentId": "fastgpt",
          "messageLength": 29
        }
      }
    ]
  },
  "chat.history": {
    "stats": {
      "count": 1,
      "min": 2.4602000000013504,
      "max": 2.4602000000013504,
      "avg": 2.4602000000013504,
      "p95": 2.4602000000013504,
      "p99": 2.4602000000013504,
      "successRate": 0
    },
    "metrics": [
      {
        "name": "chat.history",
        "responseTime": 2.4602000000013504,
        "timestamp": 1760685672948,
        "statusCode": 404,
        "success": false,
        "metadata": {
          "statusCode": 404,
          "success": false,
          "sessionId": "test-session-1760685672945"
        }
      }
    ]
  },
  "admin.stats": {
    "stats": {
      "count": 1,
      "min": 2.7397000000055414,
      "max": 2.7397000000055414,
      "avg": 2.7397000000055414,
      "p95": 2.7397000000055414,
      "p99": 2.7397000000055414,
      "successRate": 0
    },
    "metrics": [
      {
        "name": "admin.stats",
        "responseTime": 2.7397000000055414,
        "timestamp": 1760685672951,
        "statusCode": 404,
        "success": false,
        "metadata": {
          "statusCode": 404,
          "success": false
        }
      }
    ]
  },
  "admin.audit": {
    "stats": {
      "count": 1,
      "min": 3.2775000000037835,
      "max": 3.2775000000037835,
      "avg": 3.2775000000037835,
      "p95": 3.2775000000037835,
      "p99": 3.2775000000037835,
      "successRate": 0
    },
    "metrics": [
      {
        "name": "admin.audit",
        "responseTime": 3.2775000000037835,
        "timestamp": 1760685672955,
        "statusCode": 404,
        "success": false,
        "metadata": {
          "statusCode": 404,
          "success": false
        }
      }
    ]
  },
  "queue.stats": {
    "stats": {
      "count": 1,
      "min": 2.291799999999057,
      "max": 2.291799999999057,
      "avg": 2.291799999999057,
      "p95": 2.291799999999057,
      "p99": 2.291799999999057,
      "successRate": 0
    },
    "metrics": [
      {
        "name": "queue.stats",
        "responseTime": 2.291799999999057,
        "timestamp": 1760685672958,
        "statusCode": 404,
        "success": false,
        "metadata": {
          "statusCode": 404,
          "success": false
        }
      }
    ]
  },
  "queue.pause": {
    "stats": {
      "count": 1,
      "min": 2.3770999999978812,
      "max": 2.3770999999978812,
      "avg": 2.3770999999978812,
      "p95": 2.3770999999978812,
      "p99": 2.3770999999978812,
      "successRate": 0
    },
    "metrics": [
      {
        "name": "queue.pause",
        "responseTime": 2.3770999999978812,
        "timestamp": 1760685672961,
        "statusCode": 404,
        "success": false,
        "metadata": {
          "statusCode": 404,
          "success": false,
          "queueName": "chat-queue"
        }
      }
    ]
  }
}