{
  "timestamp": "2025-10-17T07:08:58.450Z",
  "duration": 105,
  "results": {
    "root.get": {
      "stats": {
        "count": 1,
        "min": 7.085099999996601,
        "max": 7.085099999996601,
        "avg": 7.085099999996601,
        "p95": 7.085099999996601,
        "p99": 7.085099999996601,
        "successRate": 100
      },
      "metrics": [
        {
          "name": "root.get",
          "responseTime": 7.085099999996601,
          "timestamp": 1760684938395,
          "statusCode": 404,
          "success": true,
          "metadata": {
            "statusCode": 404,
            "success": true
          }
        }
      ]
    },
    "root.post": {
      "stats": {
        "count": 1,
        "min": 6.987300000000687,
        "max": 6.987300000000687,
        "avg": 6.987300000000687,
        "p95": 6.987300000000687,
        "p99": 6.987300000000687,
        "successRate": 100
      },
      "metrics": [
        {
          "name": "root.post",
          "responseTime": 6.987300000000687,
          "timestamp": 1760684938403,
          "statusCode": 404,
          "success": true,
          "metadata": {
            "statusCode": 404,
            "success": true
          }
        }
      ]
    },
    "health.check": {
      "stats": {
        "count": 1,
        "min": 3.1414999999979045,
        "max": 3.1414999999979045,
        "avg": 3.1414999999979045,
        "p95": 3.1414999999979045,
        "p99": 3.1414999999979045,
        "successRate": 100
      },
      "metrics": [
        {
          "name": "health.check",
          "responseTime": 3.1414999999979045,
          "timestamp": 1760684938407,
          "statusCode": 200,
          "success": true,
          "metadata": {
            "statusCode": 200,
            "success": true
          }
        }
      ]
    },
    "agents.list": {
      "stats": {
        "count": 1,
        "min": 3.364399999998568,
        "max": 3.364399999998568,
        "avg": 3.364399999998568,
        "p95": 3.364399999998568,
        "p99": 3.364399999998568,
        "successRate": 100
      },
      "metrics": [
        {
          "name": "agents.list",
          "responseTime": 3.364399999998568,
          "timestamp": 1760684938411,
          "statusCode": 200,
          "success": true,
          "metadata": {
            "statusCode": 200,
            "success": true,
            "agentCount": 2
          }
        }
      ]
    },
    "concurrent.test": {
      "stats": {
        "count": 1,
        "min": 7.200839999999152,
        "max": 7.200839999999152,
        "avg": 7.200839999999152,
        "p95": 7.200839999999152,
        "p99": 7.200839999999152,
        "successRate": 100
      },
      "metrics": [
        {
          "name": "concurrent.test",
          "responseTime": 7.200839999999152,
          "timestamp": 1760684938449,
          "statusCode": 200,
          "success": true,
          "metadata": {
            "statusCode": 200,
            "success": true,
            "concurrentRequests": 5,
            "totalTime": 36.00419999999576
          }
        }
      ]
    }
  },
  "report": "📊 Performance Benchmark Summary\n===============================\nTest Duration: 0.10s\nTotal Requests: 5\nOverall Success Rate: 100.0%\nAverage Response Time: 5.56ms\nSlowest Endpoint: concurrent.test (7.20ms)\nFastest Endpoint: health.check (3.14ms)\n\n🔍 Endpoint Performance Details\n===============================\n\nconcurrent.test:\n  Requests: 1\n  Success Rate: 100.0%\n  Response Times:\n    Average: 7.20ms\n    Min: 7.20ms\n    Max: 7.20ms\n    P95: 7.20ms\n    P99: 7.20ms\n\nroot.get:\n  Requests: 1\n  Success Rate: 100.0%\n  Response Times:\n    Average: 7.09ms\n    Min: 7.09ms\n    Max: 7.09ms\n    P95: 7.09ms\n    P99: 7.09ms\n\nroot.post:\n  Requests: 1\n  Success Rate: 100.0%\n  Response Times:\n    Average: 6.99ms\n    Min: 6.99ms\n    Max: 6.99ms\n    P95: 6.99ms\n    P99: 6.99ms\n\nagents.list:\n  Requests: 1\n  Success Rate: 100.0%\n  Response Times:\n    Average: 3.36ms\n    Min: 3.36ms\n    Max: 3.36ms\n    P95: 3.36ms\n    P99: 3.36ms\n\nhealth.check:\n  Requests: 1\n  Success Rate: 100.0%\n  Response Times:\n    Average: 3.14ms\n    Min: 3.14ms\n    Max: 3.14ms\n    P95: 3.14ms\n    P99: 3.14ms\n"
}