{
  "timestamp": "2025-10-17T05:57:27.465Z",
  "duration": 94,
  "results": {
    "root.get": {
      "stats": {
        "count": 1,
        "min": 14.78399999999965,
        "max": 14.78399999999965,
        "avg": 14.78399999999965,
        "p95": 14.78399999999965,
        "p99": 14.78399999999965,
        "successRate": 100
      },
      "metrics": [
        {
          "name": "root.get",
          "responseTime": 14.78399999999965,
          "timestamp": 1760680647416,
          "statusCode": 404,
          "success": true,
          "metadata": {
            "statusCode": 404,
            "success": true
          }
        }
      ]
    },
    "root.post": {
      "stats": {
        "count": 1,
        "min": 8.831300000005285,
        "max": 8.831300000005285,
        "avg": 8.831300000005285,
        "p95": 8.831300000005285,
        "p99": 8.831300000005285,
        "successRate": 100
      },
      "metrics": [
        {
          "name": "root.post",
          "responseTime": 8.831300000005285,
          "timestamp": 1760680647426,
          "statusCode": 404,
          "success": true,
          "metadata": {
            "statusCode": 404,
            "success": true
          }
        }
      ]
    },
    "health.check": {
      "stats": {
        "count": 1,
        "min": 4.324699999997392,
        "max": 4.324699999997392,
        "avg": 4.324699999997392,
        "p95": 4.324699999997392,
        "p99": 4.324699999997392,
        "successRate": 100
      },
      "metrics": [
        {
          "name": "health.check",
          "responseTime": 4.324699999997392,
          "timestamp": 1760680647431,
          "statusCode": 200,
          "success": true,
          "metadata": {
            "statusCode": 200,
            "success": true
          }
        }
      ]
    },
    "agents.list": {
      "stats": {
        "count": 1,
        "min": 3.5043000000005122,
        "max": 3.5043000000005122,
        "avg": 3.5043000000005122,
        "p95": 3.5043000000005122,
        "p99": 3.5043000000005122,
        "successRate": 100
      },
      "metrics": [
        {
          "name": "agents.list",
          "responseTime": 3.5043000000005122,
          "timestamp": 1760680647436,
          "statusCode": 200,
          "success": true,
          "metadata": {
            "statusCode": 200,
            "success": true,
            "agentCount": 2
          }
        }
      ]
    },
    "concurrent.test": {
      "stats": {
        "count": 1,
        "min": 5.327640000000247,
        "max": 5.327640000000247,
        "avg": 5.327640000000247,
        "p95": 5.327640000000247,
        "p99": 5.327640000000247,
        "successRate": 100
      },
      "metrics": [
        {
          "name": "concurrent.test",
          "responseTime": 5.327640000000247,
          "timestamp": 1760680647464,
          "statusCode": 200,
          "success": true,
          "metadata": {
            "statusCode": 200,
            "success": true,
            "concurrentRequests": 5,
            "totalTime": 26.638200000001234
          }
        }
      ]
    }
  },
  "report": "📊 Performance Benchmark Summary\n===============================\nTest Duration: 0.09s\nTotal Requests: 5\nOverall Success Rate: 100.0%\nAverage Response Time: 7.35ms\nSlowest Endpoint: root.get (14.78ms)\nFastest Endpoint: agents.list (3.50ms)\n\n🔍 Endpoint Performance Details\n===============================\n\nroot.get:\n  Requests: 1\n  Success Rate: 100.0%\n  Response Times:\n    Average: 14.78ms\n    Min: 14.78ms\n    Max: 14.78ms\n    P95: 14.78ms\n    P99: 14.78ms\n\nroot.post:\n  Requests: 1\n  Success Rate: 100.0%\n  Response Times:\n    Average: 8.83ms\n    Min: 8.83ms\n    Max: 8.83ms\n    P95: 8.83ms\n    P99: 8.83ms\n\nconcurrent.test:\n  Requests: 1\n  Success Rate: 100.0%\n  Response Times:\n    Average: 5.33ms\n    Min: 5.33ms\n    Max: 5.33ms\n    P95: 5.33ms\n    P99: 5.33ms\n\nhealth.check:\n  Requests: 1\n  Success Rate: 100.0%\n  Response Times:\n    Average: 4.32ms\n    Min: 4.32ms\n    Max: 4.32ms\n    P95: 4.32ms\n    P99: 4.32ms\n\nagents.list:\n  Requests: 1\n  Success Rate: 100.0%\n  Response Times:\n    Average: 3.50ms\n    Min: 3.50ms\n    Max: 3.50ms\n    P95: 3.50ms\n    P99: 3.50ms\n"
}