{
  "timestamp": "2025-10-12T06:32:21.123Z",
  "duration": 179,
  "results": {
    "root.get": {
      "stats": {
        "count": 1,
        "min": 13.9740240000001,
        "max": 13.9740240000001,
        "avg": 13.9740240000001,
        "p95": 13.9740240000001,
        "p99": 13.9740240000001,
        "successRate": 100
      },
      "metrics": [
        {
          "name": "root.get",
          "responseTime": 13.9740240000001,
          "timestamp": 1760250741077,
          "statusCode": 404,
          "success": true,
          "metadata": {
            "statusCode": 404,
            "success": true
          }
        }
      ]
    },
    "root.post": {
      "stats": {
        "count": 1,
        "min": 15.703447999999753,
        "max": 15.703447999999753,
        "avg": 15.703447999999753,
        "p95": 15.703447999999753,
        "p99": 15.703447999999753,
        "successRate": 100
      },
      "metrics": [
        {
          "name": "root.post",
          "responseTime": 15.703447999999753,
          "timestamp": 1760250741093,
          "statusCode": 404,
          "success": true,
          "metadata": {
            "statusCode": 404,
            "success": true
          }
        }
      ]
    },
    "health.check": {
      "stats": {
        "count": 1,
        "min": 3.332013000000188,
        "max": 3.332013000000188,
        "avg": 3.332013000000188,
        "p95": 3.332013000000188,
        "p99": 3.332013000000188,
        "successRate": 100
      },
      "metrics": [
        {
          "name": "health.check",
          "responseTime": 3.332013000000188,
          "timestamp": 1760250741099,
          "statusCode": 200,
          "success": true,
          "metadata": {
            "statusCode": 200,
            "success": true
          }
        }
      ]
    },
    "agents.list": {
      "stats": {
        "count": 1,
        "min": 2.3347399999997833,
        "max": 2.3347399999997833,
        "avg": 2.3347399999997833,
        "p95": 2.3347399999997833,
        "p99": 2.3347399999997833,
        "successRate": 100
      },
      "metrics": [
        {
          "name": "agents.list",
          "responseTime": 2.3347399999997833,
          "timestamp": 1760250741102,
          "statusCode": 200,
          "success": true,
          "metadata": {
            "statusCode": 200,
            "success": true,
            "agentCount": 2
          }
        }
      ]
    },
    "concurrent.test": {
      "stats": {
        "count": 1,
        "min": 3.712125199999991,
        "max": 3.712125199999991,
        "avg": 3.712125199999991,
        "p95": 3.712125199999991,
        "p99": 3.712125199999991,
        "successRate": 100
      },
      "metrics": [
        {
          "name": "concurrent.test",
          "responseTime": 3.712125199999991,
          "timestamp": 1760250741122,
          "statusCode": 200,
          "success": true,
          "metadata": {
            "statusCode": 200,
            "success": true,
            "concurrentRequests": 5,
            "totalTime": 18.560625999999957
          }
        }
      ]
    }
  },
  "report": "📊 Performance Benchmark Summary\n===============================\nTest Duration: 0.18s\nTotal Requests: 5\nOverall Success Rate: 100.0%\nAverage Response Time: 7.81ms\nSlowest Endpoint: root.post (15.70ms)\nFastest Endpoint: agents.list (2.33ms)\n\n🔍 Endpoint Performance Details\n===============================\n\nroot.post:\n  Requests: 1\n  Success Rate: 100.0%\n  Response Times:\n    Average: 15.70ms\n    Min: 15.70ms\n    Max: 15.70ms\n    P95: 15.70ms\n    P99: 15.70ms\n\nroot.get:\n  Requests: 1\n  Success Rate: 100.0%\n  Response Times:\n    Average: 13.97ms\n    Min: 13.97ms\n    Max: 13.97ms\n    P95: 13.97ms\n    P99: 13.97ms\n\nconcurrent.test:\n  Requests: 1\n  Success Rate: 100.0%\n  Response Times:\n    Average: 3.71ms\n    Min: 3.71ms\n    Max: 3.71ms\n    P95: 3.71ms\n    P99: 3.71ms\n\nhealth.check:\n  Requests: 1\n  Success Rate: 100.0%\n  Response Times:\n    Average: 3.33ms\n    Min: 3.33ms\n    Max: 3.33ms\n    P95: 3.33ms\n    P99: 3.33ms\n\nagents.list:\n  Requests: 1\n  Success Rate: 100.0%\n  Response Times:\n    Average: 2.33ms\n    Min: 2.33ms\n    Max: 2.33ms\n    P95: 2.33ms\n    P99: 2.33ms\n"
}