{
  "timestamp": "2025-10-17T07:21:24.359Z",
  "duration": 95,
  "results": {
    "root.get": {
      "stats": {
        "count": 1,
        "min": 5.694900000002235,
        "max": 5.694900000002235,
        "avg": 5.694900000002235,
        "p95": 5.694900000002235,
        "p99": 5.694900000002235,
        "successRate": 100
      },
      "metrics": [
        {
          "name": "root.get",
          "responseTime": 5.694900000002235,
          "timestamp": 1760685684302,
          "statusCode": 404,
          "success": true,
          "metadata": {
            "statusCode": 404,
            "success": true
          }
        }
      ]
    },
    "root.post": {
      "stats": {
        "count": 1,
        "min": 9.612700000005134,
        "max": 9.612700000005134,
        "avg": 9.612700000005134,
        "p95": 9.612700000005134,
        "p99": 9.612700000005134,
        "successRate": 100
      },
      "metrics": [
        {
          "name": "root.post",
          "responseTime": 9.612700000005134,
          "timestamp": 1760685684313,
          "statusCode": 404,
          "success": true,
          "metadata": {
            "statusCode": 404,
            "success": true
          }
        }
      ]
    },
    "health.check": {
      "stats": {
        "count": 1,
        "min": 3.7868000000016764,
        "max": 3.7868000000016764,
        "avg": 3.7868000000016764,
        "p95": 3.7868000000016764,
        "p99": 3.7868000000016764,
        "successRate": 100
      },
      "metrics": [
        {
          "name": "health.check",
          "responseTime": 3.7868000000016764,
          "timestamp": 1760685684317,
          "statusCode": 200,
          "success": true,
          "metadata": {
            "statusCode": 200,
            "success": true
          }
        }
      ]
    },
    "agents.list": {
      "stats": {
        "count": 1,
        "min": 3.3695000000006985,
        "max": 3.3695000000006985,
        "avg": 3.3695000000006985,
        "p95": 3.3695000000006985,
        "p99": 3.3695000000006985,
        "successRate": 100
      },
      "metrics": [
        {
          "name": "agents.list",
          "responseTime": 3.3695000000006985,
          "timestamp": 1760685684322,
          "statusCode": 200,
          "success": true,
          "metadata": {
            "statusCode": 200,
            "success": true,
            "agentCount": 2
          }
        }
      ]
    },
    "concurrent.test": {
      "stats": {
        "count": 1,
        "min": 6.888340000000608,
        "max": 6.888340000000608,
        "avg": 6.888340000000608,
        "p95": 6.888340000000608,
        "p99": 6.888340000000608,
        "successRate": 100
      },
      "metrics": [
        {
          "name": "concurrent.test",
          "responseTime": 6.888340000000608,
          "timestamp": 1760685684358,
          "statusCode": 200,
          "success": true,
          "metadata": {
            "statusCode": 200,
            "success": true,
            "concurrentRequests": 5,
            "totalTime": 34.44170000000304
          }
        }
      ]
    }
  },
  "report": "📊 Performance Benchmark Summary\n===============================\nTest Duration: 0.10s\nTotal Requests: 5\nOverall Success Rate: 100.0%\nAverage Response Time: 5.87ms\nSlowest Endpoint: root.post (9.61ms)\nFastest Endpoint: agents.list (3.37ms)\n\n🔍 Endpoint Performance Details\n===============================\n\nroot.post:\n  Requests: 1\n  Success Rate: 100.0%\n  Response Times:\n    Average: 9.61ms\n    Min: 9.61ms\n    Max: 9.61ms\n    P95: 9.61ms\n    P99: 9.61ms\n\nconcurrent.test:\n  Requests: 1\n  Success Rate: 100.0%\n  Response Times:\n    Average: 6.89ms\n    Min: 6.89ms\n    Max: 6.89ms\n    P95: 6.89ms\n    P99: 6.89ms\n\nroot.get:\n  Requests: 1\n  Success Rate: 100.0%\n  Response Times:\n    Average: 5.69ms\n    Min: 5.69ms\n    Max: 5.69ms\n    P95: 5.69ms\n    P99: 5.69ms\n\nhealth.check:\n  Requests: 1\n  Success Rate: 100.0%\n  Response Times:\n    Average: 3.79ms\n    Min: 3.79ms\n    Max: 3.79ms\n    P95: 3.79ms\n    P99: 3.79ms\n\nagents.list:\n  Requests: 1\n  Success Rate: 100.0%\n  Response Times:\n    Average: 3.37ms\n    Min: 3.37ms\n    Max: 3.37ms\n    P95: 3.37ms\n    P99: 3.37ms\n"
}