{
  "timestamp": "2025-10-17T05:39:57.858Z",
  "duration": 186,
  "results": {
    "root.get": {
      "stats": {
        "count": 1,
        "min": 9.065999999991618,
        "max": 9.065999999991618,
        "avg": 9.065999999991618,
        "p95": 9.065999999991618,
        "p99": 9.065999999991618,
        "successRate": 100
      },
      "metrics": [
        {
          "name": "root.get",
          "responseTime": 9.065999999991618,
          "timestamp": 1760679597751,
          "statusCode": 404,
          "success": true,
          "metadata": {
            "statusCode": 404,
            "success": true
          }
        }
      ]
    },
    "root.post": {
      "stats": {
        "count": 1,
        "min": 14.084799999996903,
        "max": 14.084799999996903,
        "avg": 14.084799999996903,
        "p95": 14.084799999996903,
        "p99": 14.084799999996903,
        "successRate": 100
      },
      "metrics": [
        {
          "name": "root.post",
          "responseTime": 14.084799999996903,
          "timestamp": 1760679597773,
          "statusCode": 404,
          "success": true,
          "metadata": {
            "statusCode": 404,
            "success": true
          }
        }
      ]
    },
    "health.check": {
      "stats": {
        "count": 1,
        "min": 14.456399999995483,
        "max": 14.456399999995483,
        "avg": 14.456399999995483,
        "p95": 14.456399999995483,
        "p99": 14.456399999995483,
        "successRate": 100
      },
      "metrics": [
        {
          "name": "health.check",
          "responseTime": 14.456399999995483,
          "timestamp": 1760679597791,
          "statusCode": 200,
          "success": true,
          "metadata": {
            "statusCode": 200,
            "success": true
          }
        }
      ]
    },
    "agents.list": {
      "stats": {
        "count": 1,
        "min": 4.666800000006333,
        "max": 4.666800000006333,
        "avg": 4.666800000006333,
        "p95": 4.666800000006333,
        "p99": 4.666800000006333,
        "successRate": 100
      },
      "metrics": [
        {
          "name": "agents.list",
          "responseTime": 4.666800000006333,
          "timestamp": 1760679597801,
          "statusCode": 200,
          "success": true,
          "metadata": {
            "statusCode": 200,
            "success": true,
            "agentCount": 2
          }
        }
      ]
    },
    "concurrent.test": {
      "stats": {
        "count": 1,
        "min": 10.441500000000815,
        "max": 10.441500000000815,
        "avg": 10.441500000000815,
        "p95": 10.441500000000815,
        "p99": 10.441500000000815,
        "successRate": 100
      },
      "metrics": [
        {
          "name": "concurrent.test",
          "responseTime": 10.441500000000815,
          "timestamp": 1760679597857,
          "statusCode": 200,
          "success": true,
          "metadata": {
            "statusCode": 200,
            "success": true,
            "concurrentRequests": 5,
            "totalTime": 52.207500000004075
          }
        }
      ]
    }
  },
  "report": "📊 Performance Benchmark Summary\n===============================\nTest Duration: 0.18s\nTotal Requests: 5\nOverall Success Rate: 100.0%\nAverage Response Time: 10.54ms\nSlowest Endpoint: health.check (14.46ms)\nFastest Endpoint: agents.list (4.67ms)\n\n🔍 Endpoint Performance Details\n===============================\n\nhealth.check:\n  Requests: 1\n  Success Rate: 100.0%\n  Response Times:\n    Average: 14.46ms\n    Min: 14.46ms\n    Max: 14.46ms\n    P95: 14.46ms\n    P99: 14.46ms\n\nroot.post:\n  Requests: 1\n  Success Rate: 100.0%\n  Response Times:\n    Average: 14.08ms\n    Min: 14.08ms\n    Max: 14.08ms\n    P95: 14.08ms\n    P99: 14.08ms\n\nconcurrent.test:\n  Requests: 1\n  Success Rate: 100.0%\n  Response Times:\n    Average: 10.44ms\n    Min: 10.44ms\n    Max: 10.44ms\n    P95: 10.44ms\n    P99: 10.44ms\n\nroot.get:\n  Requests: 1\n  Success Rate: 100.0%\n  Response Times:\n    Average: 9.07ms\n    Min: 9.07ms\n    Max: 9.07ms\n    P95: 9.07ms\n    P99: 9.07ms\n\nagents.list:\n  Requests: 1\n  Success Rate: 100.0%\n  Response Times:\n    Average: 4.67ms\n    Min: 4.67ms\n    Max: 4.67ms\n    P95: 4.67ms\n    P99: 4.67ms\n"
}