{
  "timestamp": "2025-10-16T13:51:46.620Z",
  "duration": 88,
  "results": {
    "root.get": {
      "stats": {
        "count": 1,
        "min": 10.076600000000326,
        "max": 10.076600000000326,
        "avg": 10.076600000000326,
        "p95": 10.076600000000326,
        "p99": 10.076600000000326,
        "successRate": 100
      },
      "metrics": [
        {
          "name": "root.get",
          "responseTime": 10.076600000000326,
          "timestamp": 1760622706571,
          "statusCode": 404,
          "success": true,
          "metadata": {
            "statusCode": 404,
            "success": true
          }
        }
      ]
    },
    "root.post": {
      "stats": {
        "count": 1,
        "min": 7.526500000007218,
        "max": 7.526500000007218,
        "avg": 7.526500000007218,
        "p95": 7.526500000007218,
        "p99": 7.526500000007218,
        "successRate": 100
      },
      "metrics": [
        {
          "name": "root.post",
          "responseTime": 7.526500000007218,
          "timestamp": 1760622706579,
          "statusCode": 404,
          "success": true,
          "metadata": {
            "statusCode": 404,
            "success": true
          }
        }
      ]
    },
    "health.check": {
      "stats": {
        "count": 1,
        "min": 2.502200000002631,
        "max": 2.502200000002631,
        "avg": 2.502200000002631,
        "p95": 2.502200000002631,
        "p99": 2.502200000002631,
        "successRate": 100
      },
      "metrics": [
        {
          "name": "health.check",
          "responseTime": 2.502200000002631,
          "timestamp": 1760622706582,
          "statusCode": 200,
          "success": true,
          "metadata": {
            "statusCode": 200,
            "success": true
          }
        }
      ]
    },
    "agents.list": {
      "stats": {
        "count": 1,
        "min": 2.239799999995739,
        "max": 2.239799999995739,
        "avg": 2.239799999995739,
        "p95": 2.239799999995739,
        "p99": 2.239799999995739,
        "successRate": 100
      },
      "metrics": [
        {
          "name": "agents.list",
          "responseTime": 2.239799999995739,
          "timestamp": 1760622706585,
          "statusCode": 200,
          "success": true,
          "metadata": {
            "statusCode": 200,
            "success": true,
            "agentCount": 2
          }
        }
      ]
    },
    "concurrent.test": {
      "stats": {
        "count": 1,
        "min": 6.674220000000787,
        "max": 6.674220000000787,
        "avg": 6.674220000000787,
        "p95": 6.674220000000787,
        "p99": 6.674220000000787,
        "successRate": 100
      },
      "metrics": [
        {
          "name": "concurrent.test",
          "responseTime": 6.674220000000787,
          "timestamp": 1760622706620,
          "statusCode": 200,
          "success": true,
          "metadata": {
            "statusCode": 200,
            "success": true,
            "concurrentRequests": 5,
            "totalTime": 33.371100000003935
          }
        }
      ]
    }
  },
  "report": "📊 Performance Benchmark Summary\n===============================\nTest Duration: 0.09s\nTotal Requests: 5\nOverall Success Rate: 100.0%\nAverage Response Time: 5.80ms\nSlowest Endpoint: root.get (10.08ms)\nFastest Endpoint: agents.list (2.24ms)\n\n🔍 Endpoint Performance Details\n===============================\n\nroot.get:\n  Requests: 1\n  Success Rate: 100.0%\n  Response Times:\n    Average: 10.08ms\n    Min: 10.08ms\n    Max: 10.08ms\n    P95: 10.08ms\n    P99: 10.08ms\n\nroot.post:\n  Requests: 1\n  Success Rate: 100.0%\n  Response Times:\n    Average: 7.53ms\n    Min: 7.53ms\n    Max: 7.53ms\n    P95: 7.53ms\n    P99: 7.53ms\n\nconcurrent.test:\n  Requests: 1\n  Success Rate: 100.0%\n  Response Times:\n    Average: 6.67ms\n    Min: 6.67ms\n    Max: 6.67ms\n    P95: 6.67ms\n    P99: 6.67ms\n\nhealth.check:\n  Requests: 1\n  Success Rate: 100.0%\n  Response Times:\n    Average: 2.50ms\n    Min: 2.50ms\n    Max: 2.50ms\n    P95: 2.50ms\n    P99: 2.50ms\n\nagents.list:\n  Requests: 1\n  Success Rate: 100.0%\n  Response Times:\n    Average: 2.24ms\n    Min: 2.24ms\n    Max: 2.24ms\n    P95: 2.24ms\n    P99: 2.24ms\n"
}